Student ID,Course1,Course2,Course3,Course4,Course5,Course6,Course7,Course8,Course9,Course10,Course11,Course12,First Name,Last Name,Katz School Major,GPA,Graduation Semester,Country of Origin,Languages,Undergraduate Major,Age at Graduation,Years of Experience,Location,Job Decription
1168340921,Spring-2016: DAV 5200 Visual Design and Storytelling,Spring-2016: DAV 6100 Information Architectures,Spring-2016: DAV 5300 Computational Math and Statistics,Fall-2016: MAN 5580 Project Management,Fall-2016: DAV 6000 Talent Analytics,Fall-2016: Natural Language Processing,Spring-2017: DAV 5000 Business Modeling and Data Analysis,Spring-2017: DAV 6500 Capstone,Spring-2017: DAV 5100 Structured Data Management,Fall-2017: Special Topics,Fall-2017: AI Product Studio,Fall-2017: DAV 5400 Analytics Programming,Young,Jesse,Data Analytics and Visualization,2.92,Fall-2017,China,Mandarin,Health Sciences,23,1.5,"New York, NY",Entry Level Python Developer
1191512830,Fall-2018: Predictive Models,Fall-2018: Neural Networks and Deep Learning,Fall-2018: Machine Learning,Spring-2019: Data Acquisition and Management,Spring-2019: Natural Language Processing,Spring-2019: AI Capstone: R&D Experience,Fall-2019: Numerical Methods,Fall-2019: Artificial Intelligence,Fall-2019: Computational Statistics and Probability,Spring-2020: Bayesian Methods,Spring-2020: Internship,Spring-2020: DAV 6050 Data-Driven Organizations,Pierce,David,Artificial Intelligence,4.0,Spring-2020,USA,English,Computer Science,24,3.5,"Los Angeles, CA",Entry Level Python Developer
1232473375,Spring-2019: Data Visualization,Spring-2019: DAV 5400 Analytics Programming,Spring-2019: DAV 5200 Visual Design and Storytelling,Fall-2019: DAV 5000 Business Modeling and Data Analysis,Fall-2019: DAV 6000 Talent Analytics,Fall-2019: DAV 6200 Data Product Design,Spring-2020: DAV 6500 Capstone,Spring-2020: MAN 5580 Project Management,Spring-2020: DAV 5100 Structured Data Management,Fall-2020: Special Topics,Fall-2020: DAV 5300 Computational Math and Statistics,Fall-2020: AI Product Studio,Kennedy,Mary,Data Analytics and Visualization,3.4,Fall-2020,China,Mandarin,Computer Science,29,8.5,"New York, NY",Data Scientist I
1313020897,Fall-2016: Advanced Data Engineering,Fall-2016: DAV 5100 Structured Data Management,Fall-2016: DAV 5000 Business Modeling and Data Analysis,Spring-2017: DAV 5400 Analytics Programming,Spring-2017: DAV 5200 Visual Design and Storytelling,Spring-2017: DAV 6400 Internship,Fall-2017: DAV 6450 Independent Study,Fall-2017: Independent Study,Fall-2017: DAV 5300 Computational Math and Statistics,Spring-2018: DAV 6500 Capstone,Spring-2018: MAN 5580 Project Management,Spring-2018: DAV 6100 Information Architectures,Jones,Jose,Data Analytics and Visualization,3.88,Spring-2018,India,Malayalam,Other,23,2.5,"New York, NY",Data Architect I
1364243602,Spring-2020: MAN 5580 Project Management,Spring-2020: DAV 6000 Talent Analytics,Spring-2020: DAV 5200 Visual Design and Storytelling,Fall-2020: DAV 6500 Capstone,Fall-2020: Internship,Fall-2020: DAV 5100 Structured Data Management,Spring-2021: DAV 5400 Analytics Programming,Spring-2021: Independent Study,Spring-2021: Natural Language Processing,Fall-2021: DAV 5000 Business Modeling and Data Analysis,Fall-2021: DAV 5300 Computational Math and Statistics,Fall-2021: DAV 6400 Internship,Jensen,Catherine,Data Analytics and Visualization,3.61,Fall-2021,China,Mandarin,Computer Science,25,4.5,"New York, NY",Business Intelligence (BI) Developer
1375067377,Spring-2018: AI Product Studio,Spring-2018: DAV 6050 Data-Driven Organizations,Spring-2018: DAV 5000 Business Modeling and Data Analysis,Fall-2018: DAV 5100 Structured Data Management,Fall-2018: DAV 6500 Capstone,Fall-2018: DAV 5400 Analytics Programming,Spring-2019: DAV 6150 Data Science,Spring-2019: MAN 5580 Project Management,Spring-2019: AI Product Studio,Fall-2019: DAV 5300 Computational Math and Statistics,Fall-2019: Advanced Data Engineering,Fall-2019: DAV 5200 Visual Design and Storytelling,Pursell,Elizabeth,Data Analytics and Visualization,3.31,Fall-2019,USA,English,Mathematics,24,3.5,"Woodbridge, NJ",Data Scientist I
1394941761,Fall-2017: Bayesian Methods,Fall-2017: DAV 5000 Business Modeling and Data Analysis,Fall-2017: DAV 5100 Structured Data Management,Spring-2018: MAN 5580 Project Management,Spring-2018: DAV 6300 Special Topics,Spring-2018: Independent Study,Fall-2018: AI Product Studio,Fall-2018: DAV 6500 Capstone,Fall-2018: DAV 5400 Analytics Programming,Spring-2019: DAV 6150 Data Science,Spring-2019: DAV 5300 Computational Math and Statistics,Spring-2019: DAV 5200 Visual Design and Storytelling,Gray,Fabian,Data Analytics and Visualization,3.09,Spring-2019,USA,Spanish,Health Sciences,24,3.5,"New York, NY",Business Intelligence (BI) Developer
1422142335,Fall-2015: Internship,Fall-2015: DAV 5000 Business Modeling and Data Analysis,Fall-2015: DAV 5200 Visual Design and Storytelling,Spring-2016: DAV 5300 Computational Math and Statistics,Spring-2016: DAV 5400 Analytics Programming,Spring-2016: Special Topics,Fall-2016: DAV 6150 Data Science,Fall-2016: DAV 6500 Capstone,Fall-2016: MAN 5580 Project Management,Spring-2017: DAV 6300 Special Topics,Spring-2017: AI Product Studio,Spring-2017: DAV 5100 Structured Data Management,Layland,Karen,Data Analytics and Visualization,3.42,Spring-2017,China,Mandarin,Engineering,25,3.5,"New York, NY",Entry Data Analyst
1621829673,Spring-2020: DAV 6400 Internship,Spring-2020: DAV 5200 Visual Design and Storytelling,Spring-2020: DAV 6450 Independent Study,Fall-2020: DAV 6500 Capstone,Fall-2020: MAN 5580 Project Management,Fall-2020: DAV 6200 Data Product Design,Spring-2021: DAV 5400 Analytics Programming,Spring-2021: DAV 5300 Computational Math and Statistics,Spring-2021: DAV 6000 Talent Analytics,Fall-2021: DAV 5100 Structured Data Management,Fall-2021: AI Product Studio,Fall-2021: DAV 5000 Business Modeling and Data Analysis,Allen,Deborah,Data Analytics and Visualization,3.01,Fall-2021,India,Hindi,Computer Science,23,1.5,"New York, NY",Database Administrator - Entry
1635242184,Fall-2018: Artificial Intelligence,Fall-2018: Machine Learning,Fall-2018: Predictive Models,Spring-2019: Natural Language Processing,Spring-2019: Computational Statistics and Probability,Spring-2019: Neural Networks and Deep Learning,Fall-2019: Special Topics,Fall-2019: DAV 6050 Data-Driven Organizations,Fall-2019: AI Capstone: R&D Experience,Spring-2020: DAV 6450 Independent Study,Spring-2020: Numerical Methods,Spring-2020: Data Acquisition and Management,Litton,Michael,Artificial Intelligence,3.34,Spring-2020,USA,Spanish,Engineering,28,7.5,"San Francisco, CA",Database Administrator - Entry
1647493071,Spring-2016: Independent Study,Spring-2016: DAV 5000 Business Modeling and Data Analysis,Spring-2016: DAV 5100 Structured Data Management,Fall-2016: DAV 5400 Analytics Programming,Fall-2016: DAV 6000 Talent Analytics,Fall-2016: Advanced Data Engineering,Spring-2017: DAV 5300 Computational Math and Statistics,Spring-2017: DAV 6100 Information Architectures,Spring-2017: DAV 5200 Visual Design and Storytelling,Fall-2017: DAV 6500 Capstone,Fall-2017: Complex Systems: Financial Time Series Analysis,Fall-2017: MAN 5580 Project Management,Cousins,Wayne,Data Analytics and Visualization,3.71,Fall-2017,China,Mandarin,Mathematics,23,2.5,"New York, NY",Big Data Architect
1654916649,Spring-2016: DAV 5300 Computational Math and Statistics,Spring-2016: Advanced Data Engineering,Spring-2016: DAV 5200 Visual Design and Storytelling,Fall-2016: MAN 5580 Project Management,Fall-2016: DAV 6000 Talent Analytics,Fall-2016: Natural Language Processing,Spring-2017: DAV 5000 Business Modeling and Data Analysis,Spring-2017: Special Topics,Spring-2017: DAV 6500 Capstone,Fall-2017: DAV 5100 Structured Data Management,Fall-2017: DAV 5400 Analytics Programming,Fall-2017: AI Product Studio,Tiry,Tressie,Data Analytics and Visualization,3.27,Fall-2017,China,Cantonese,Engineering,24,2.5,"Woodbridge, NJ",Entry Business Systems Analyst
1769081101,Spring-2018: AI Product Studio,Spring-2018: DAV 6200 Data Product Design,Spring-2018: DAV 5100 Structured Data Management,Fall-2018: DAV 5000 Business Modeling and Data Analysis,Fall-2018: DAV 5400 Analytics Programming,Fall-2018: Data Visualization,Spring-2019: DAV 6300 Special Topics,Spring-2019: Complex Systems: Financial Time Series Analysis,Spring-2019: MAN 5580 Project Management,Fall-2019: DAV 6500 Capstone,Fall-2019: DAV 5300 Computational Math and Statistics,Fall-2019: DAV 5200 Visual Design and Storytelling,Bilger,John,Data Analytics and Visualization,3.25,Fall-2019,Pakistan,Pashto,Computer Science,23,1.5,"New York, NY",Database Administrator - Entry
1812867268,Fall-2019: MAN 5580 Project Management,Fall-2019: AI Product Studio,Fall-2019: DAV 5000 Business Modeling and Data Analysis,Spring-2020: DAV 5300 Computational Math and Statistics,Spring-2020: DAV 6500 Capstone,Spring-2020: DAV 5100 Structured Data Management,Fall-2020: DAV 6050 Data-Driven Organizations,Fall-2020: DAV 6450 Independent Study,Fall-2020: DAV 6150 Data Science,Spring-2021: DAV 5200 Visual Design and Storytelling,Spring-2021: DAV 5400 Analytics Programming,Spring-2021: DAV 6300 Special Topics,Ragland,Tammy,Data Analytics and Visualization,3.6,Spring-2021,USA,English,Engineering,24,3.5,"New York, NY",Data Scientist I
1864078434,Fall-2016: Computational Statistics and Probability,Fall-2016: Data Visualization,Fall-2016: AI Capstone: R&D Experience,Spring-2017: Data Acquisition and Management,Spring-2017: Neural Networks and Deep Learning,Spring-2017: Complex Systems: Financial Time Series Analysis,Fall-2017: Artificial Intelligence,Fall-2017: Machine Learning,Fall-2017: Predictive Models,Spring-2018: Numerical Methods,Spring-2018: Natural Language Processing,Spring-2018: DAV 6100 Information Architectures,Hogan,Raymond,Artificial Intelligence,3.5,Spring-2018,China,Cantonese,Computer Science,24,2.5,"New York, NY",Data Scientist I
1895013407,Spring-2020: DAV 5400 Analytics Programming,Spring-2020: DAV 6500 Capstone,Spring-2020: MAN 5580 Project Management,Fall-2020: DAV 6100 Information Architectures,Fall-2020: AI Product Studio,Fall-2020: Complex Systems: Financial Time Series Analysis,Spring-2021: Advanced Data Engineering,Spring-2021: DAV 5100 Structured Data Management,Spring-2021: DAV 5300 Computational Math and Statistics,Fall-2021: DAV 5200 Visual Design and Storytelling,Fall-2021: DAV 5000 Business Modeling and Data Analysis,Fall-2021: AI Product Studio,Sannicolas,Norman,Data Analytics and Visualization,3.89,Fall-2021,India,Hindi,Engineering,23,2.0,"Woodbridge, NJ",Entry Data Analyst
2342480634,Spring-2020: Advanced Data Engineering,Spring-2020: DAV 6500 Capstone,Spring-2020: DAV 5400 Analytics Programming,Fall-2020: AI Product Studio,Fall-2020: DAV 5200 Visual Design and Storytelling,Fall-2020: DAV 5100 Structured Data Management,Spring-2021: Complex Systems: Financial Time Series Analysis,Spring-2021: DAV 5000 Business Modeling and Data Analysis,Spring-2021: DAV 5300 Computational Math and Statistics,Fall-2021: DAV 6400 Internship,Fall-2021: DAV 6150 Data Science,Fall-2021: MAN 5580 Project Management,Cresci,Dana,Data Analytics and Visualization,3.28,Fall-2021,USA,English,Computer Science,29,7.5,"Los Angeles, CA",Data Scientist I
2389610439,Fall-2017: DAV 5400 Analytics Programming,Fall-2017: DAV 5000 Business Modeling and Data Analysis,Fall-2017: DAV 6300 Special Topics,Spring-2018: Data Visualization,Spring-2018: DAV 5200 Visual Design and Storytelling,Spring-2018: DAV 6200 Data Product Design,Fall-2018: DAV 5100 Structured Data Management,Fall-2018: AI Product Studio,Fall-2018: Independent Study,Spring-2019: MAN 5580 Project Management,Spring-2019: DAV 5300 Computational Math and Statistics,Spring-2019: DAV 6500 Capstone,Stokes,Virgil,Data Analytics and Visualization,3.56,Spring-2019,China,Mandarin,Computer Science,24,2.0,"Bridgeport, CT",Entry Business Systems Analyst
2426847270,Spring-2020: MAN 5580 Project Management,Spring-2020: DAV 5300 Computational Math and Statistics,Spring-2020: Internship,Fall-2020: AI Product Studio,Fall-2020: DAV 5400 Analytics Programming,Fall-2020: DAV 6500 Capstone,Spring-2021: AI Product Studio,Spring-2021: DAV 5000 Business Modeling and Data Analysis,Spring-2021: Data Visualization,Fall-2021: DAV 6450 Independent Study,Fall-2021: DAV 5200 Visual Design and Storytelling,Fall-2021: DAV 5100 Structured Data Management,Bushman,Veronika,Data Analytics and Visualization,3.47,Fall-2021,Pakistan,Punjabi,Health Sciences,25,3.0,"New York, NY",UX Design Intern
2537654113,Fall-2017: DAV 5400 Analytics Programming,Fall-2017: Internship,Fall-2017: Data Visualization,Spring-2018: DAV 5100 Structured Data Management,Spring-2018: DAV 5000 Business Modeling and Data Analysis,Spring-2018: DAV 5300 Computational Math and Statistics,Fall-2018: DAV 5200 Visual Design and Storytelling,Fall-2018: AI Product Studio,Fall-2018: DAV 6400 Internship,Spring-2019: MAN 5580 Project Management,Spring-2019: DAV 6500 Capstone,Spring-2019: DAV 6000 Talent Analytics,Fleming,Courtney,Data Analytics and Visualization,3.73,Spring-2019,USA,Spanish,Computer Science,23,1.5,"New York, NY",Entry Business Systems Analyst
2634724512,Fall-2016: DAV 5100 Structured Data Management,Fall-2016: DAV 6500 Capstone,Fall-2016: DAV 6300 Special Topics,Spring-2017: DAV 5200 Visual Design and Storytelling,Spring-2017: DAV 6450 Independent Study,Spring-2017: Bayesian Methods,Fall-2017: DAV 6200 Data Product Design,Fall-2017: DAV 5000 Business Modeling and Data Analysis,Fall-2017: DAV 5300 Computational Math and Statistics,Spring-2018: DAV 6000 Talent Analytics,Spring-2018: DAV 5400 Analytics Programming,Spring-2018: MAN 5580 Project Management,Heppler,Tyler,Data Analytics and Visualization,2.97,Spring-2018,China,Mandarin,Engineering,31,9.0,"New York, NY",Database Administrator - Entry
2890488978,Fall-2020: Numerical Methods,Fall-2020: Predictive Models,Fall-2020: Data Visualization,Spring-2021: AI Capstone: R&D Experience,Spring-2021: Data Acquisition and Management,Spring-2021: Computational Statistics and Probability,Fall-2021: Internship,Fall-2021: Machine Learning,Fall-2021: Bayesian Methods,Spring-2022: DAV 6300 Special Topics,Spring-2022: Artificial Intelligence,Spring-2022: Neural Networks and Deep Learning,Cooper,Nettie,Artificial Intelligence,3.54,Spring-2022,USA,English,Health Sciences,23,2.0,"New York, NY",Database Administrator - Entry
2926537122,Fall-2019: DAV 5400 Analytics Programming,Fall-2019: Bayesian Methods,Fall-2019: DAV 5200 Visual Design and Storytelling,Spring-2020: DAV 5100 Structured Data Management,Spring-2020: Complex Systems: Financial Time Series Analysis,Spring-2020: MAN 5580 Project Management,Fall-2020: Internship,Fall-2020: DAV 6050 Data-Driven Organizations,Fall-2020: DAV 6500 Capstone,Spring-2021: DAV 5000 Business Modeling and Data Analysis,Spring-2021: DAV 5300 Computational Math and Statistics,Spring-2021: Special Topics,Pranger,Betty,Data Analytics and Visualization,2.86,Spring-2021,China,Mandarin,Computer Science,25,3.0,"Woodbridge, NJ",Entry Level Python Developer
2974302419,Fall-2018: AI Capstone: R&D Experience,Fall-2018: DAV 6050 Data-Driven Organizations,Fall-2018: Artificial Intelligence,Spring-2019: Computational Statistics and Probability,Spring-2019: Predictive Models,Spring-2019: Numerical Methods,Fall-2019: Data Acquisition and Management,Fall-2019: Data Visualization,Fall-2019: Neural Networks and Deep Learning,Spring-2020: Machine Learning,Spring-2020: Complex Systems: Financial Time Series Analysis,Spring-2020: DAV 6300 Special Topics,Schut,Thomas,Artificial Intelligence,3.1,Spring-2020,China,Mandarin,Mathematics,27,5.0,"New York, NY",Database Administrator - Entry
3053342158,Spring-2020: Complex Systems: Financial Time Series Analysis,Spring-2020: MAN 5580 Project Management,Spring-2020: Independent Study,Fall-2020: AI Product Studio,Fall-2020: DAV 5300 Computational Math and Statistics,Fall-2020: DAV 6500 Capstone,Spring-2021: DAV 5400 Analytics Programming,Spring-2021: DAV 5200 Visual Design and Storytelling,Spring-2021: DAV 6000 Talent Analytics,Fall-2021: Data Visualization,Fall-2021: DAV 5000 Business Modeling and Data Analysis,Fall-2021: DAV 5100 Structured Data Management,Wallace,Jeremy,Data Analytics and Visualization,3.5,Fall-2021,Pakistan,Punjabi,Other,24,2.5,"Woodbridge, NJ",Business Intelligence (BI) Developer
3078414524,Spring-2017: Advanced Data Engineering,Spring-2017: Data Acquisition and Management,Spring-2017: Artificial Intelligence,Fall-2017: Predictive Models,Fall-2017: Computational Statistics and Probability,Fall-2017: DAV 6200 Data Product Design,Spring-2018: AI Capstone: R&D Experience,Spring-2018: Neural Networks and Deep Learning,Spring-2018: DAV 6000 Talent Analytics,Fall-2018: Numerical Methods,Fall-2018: Machine Learning,Fall-2018: Internship,Canela,John,Artificial Intelligence,4.0,Fall-2018,Pakistan,Punjabi,Engineering,23,1.5,"New York, NY",Entry Business Systems Analyst
3285388144,Fall-2015: DAV 5000 Business Modeling and Data Analysis,Fall-2015: Complex Systems: Financial Time Series Analysis,Fall-2015: MAN 5580 Project Management,Spring-2016: DAV 5300 Computational Math and Statistics,Spring-2016: DAV 5100 Structured Data Management,Spring-2016: DAV 6200 Data Product Design,Fall-2016: DAV 5400 Analytics Programming,Fall-2016: Data Visualization,Fall-2016: DAV 5200 Visual Design and Storytelling,Spring-2017: DAV 6500 Capstone,Spring-2017: Special Topics,Spring-2017: Bayesian Methods,Hyde,Jacob,Data Analytics and Visualization,3.36,Spring-2017,USA,English,Computer Science,26,4.5,"New York, NY",Data Scientist I
3345919606,Fall-2019: DAV 5100 Structured Data Management,Fall-2019: DAV 6500 Capstone,Fall-2019: AI Product Studio,Spring-2020: DAV 5000 Business Modeling and Data Analysis,Spring-2020: DAV 5300 Computational Math and Statistics,Spring-2020: DAV 5400 Analytics Programming,Fall-2020: DAV 5200 Visual Design and Storytelling,Fall-2020: Special Topics,Fall-2020: Complex Systems: Financial Time Series Analysis,Spring-2021: Data Visualization,Spring-2021: MAN 5580 Project Management,Spring-2021: DAV 6400 Internship,Cummings,Jennifer,Data Analytics and Visualization,3.97,Spring-2021,Other,H,Computer Science,26,4.5,"New York, NY",Machine Learning Engineer
3367596729,Spring-2017: Predictive Models,Spring-2017: Machine Learning,Spring-2017: Computational Statistics and Probability,Fall-2017: Data Acquisition and Management,Fall-2017: Bayesian Methods,Fall-2017: Data Visualization,Spring-2018: Natural Language Processing,Spring-2018: Neural Networks and Deep Learning,Spring-2018: Artificial Intelligence,Fall-2018: AI Capstone: R&D Experience,Fall-2018: Numerical Methods,Fall-2018: DAV 6450 Independent Study,Thornton,Corey,Artificial Intelligence,3.73,Fall-2018,India,Hindi,Computer Science,25,3.0,"New York, NY",UX Design Intern
3374693293,Fall-2016: AI Product Studio,Fall-2016: DAV 5300 Computational Math and Statistics,Fall-2016: Complex Systems: Financial Time Series Analysis,Spring-2017: DAV 5200 Visual Design and Storytelling,Spring-2017: Data Visualization,Spring-2017: DAV 5100 Structured Data Management,Fall-2017: DAV 5000 Business Modeling and Data Analysis,Fall-2017: Independent Study,Fall-2017: Bayesian Methods,Spring-2018: DAV 6500 Capstone,Spring-2018: MAN 5580 Project Management,Spring-2018: DAV 5400 Analytics Programming,Farmer,Timothy,Data Analytics and Visualization,3.15,Spring-2018,Other,P,Other,23,2.5,"New York, NY",Big Data Architect
3448118363,Fall-2017: Numerical Methods,Fall-2017: Machine Learning,Fall-2017: Predictive Models,Spring-2018: Computational Statistics and Probability,Spring-2018: AI Capstone: R&D Experience,Spring-2018: Artificial Intelligence,Fall-2018: DAV 6200 Data Product Design,Fall-2018: Data Acquisition and Management,Fall-2018: DAV 6400 Internship,Spring-2019: DAV 6100 Information Architectures,Spring-2019: Neural Networks and Deep Learning,Spring-2019: Special Topics,Latham,Edith,Artificial Intelligence,4.0,Spring-2019,Other,F,Mathematics,25,3.0,"New York, NY",Data Architect I
3574175120,Fall-2015: Data Acquisition and Management,Fall-2015: Numerical Methods,Fall-2015: Machine Learning,Spring-2016: Artificial Intelligence,Spring-2016: Computational Statistics and Probability,Spring-2016: AI Product Studio,Fall-2016: Neural Networks and Deep Learning,Fall-2016: DAV 6000 Talent Analytics,Fall-2016: DAV 6400 Internship,Spring-2017: AI Capstone: R&D Experience,Spring-2017: Internship,Spring-2017: Predictive Models,Mabon,William,Artificial Intelligence,3.39,Spring-2017,USA,Spanish,Computer Science,27,5.5,"New York, NY",Machine Learning Engineer
3597035173,Spring-2019: Machine Learning,Spring-2019: AI Product Studio,Spring-2019: Neural Networks and Deep Learning,Fall-2019: Data Acquisition and Management,Fall-2019: Numerical Methods,Fall-2019: DAV 6000 Talent Analytics,Spring-2020: Artificial Intelligence,Spring-2020: Complex Systems: Financial Time Series Analysis,Spring-2020: Computational Statistics and Probability,Fall-2020: AI Capstone: R&D Experience,Fall-2020: Independent Study,Fall-2020: Predictive Models,Hamilton,Patricia,Artificial Intelligence,3.41,Fall-2020,China,Cantonese,Computer Science,24,2.5,"Woodbridge, NJ",Entry Data Analyst
3850838904,Fall-2017: Data Visualization,Fall-2017: DAV 5400 Analytics Programming,Fall-2017: Special Topics,Spring-2018: Natural Language Processing,Spring-2018: DAV 5000 Business Modeling and Data Analysis,Spring-2018: DAV 6300 Special Topics,Fall-2018: DAV 6500 Capstone,Fall-2018: MAN 5580 Project Management,Fall-2018: DAV 5100 Structured Data Management,Spring-2019: Independent Study,Spring-2019: DAV 5300 Computational Math and Statistics,Spring-2019: DAV 5200 Visual Design and Storytelling,Fisher,Fred,Data Analytics and Visualization,3.9,Spring-2019,USA,English,Computer Science,29,7.0,"New York, NY",Machine Learning Engineer
3959311068,Fall-2018: Machine Learning,Fall-2018: Computational Statistics and Probability,Fall-2018: Neural Networks and Deep Learning,Spring-2019: Natural Language Processing,Spring-2019: DAV 6150 Data Science,Spring-2019: DAV 6300 Special Topics,Fall-2019: DAV 6000 Talent Analytics,Fall-2019: Artificial Intelligence,Fall-2019: Predictive Models,Spring-2020: Data Acquisition and Management,Spring-2020: Numerical Methods,Spring-2020: AI Capstone: R&D Experience,Lozada,Steve,Artificial Intelligence,3.85,Spring-2020,China,Cantonese,Computer Science,30,8.0,"New York, NY",Business Intelligence (BI) Developer
3986578591,Fall-2015: DAV 5100 Structured Data Management,Fall-2015: DAV 5200 Visual Design and Storytelling,Fall-2015: DAV 5300 Computational Math and Statistics,Spring-2016: AI Product Studio,Spring-2016: DAV 5400 Analytics Programming,Spring-2016: MAN 5580 Project Management,Fall-2016: DAV 6200 Data Product Design,Fall-2016: DAV 6000 Talent Analytics,Fall-2016: DAV 6500 Capstone,Spring-2017: DAV 6400 Internship,Spring-2017: DAV 5000 Business Modeling and Data Analysis,Spring-2017: DAV 6050 Data-Driven Organizations,Jackson,Linda,Data Analytics and Visualization,3.42,Spring-2017,Pakistan,Sindhi,Engineering,27,6.0,"New York, NY",Entry Business Systems Analyst
4020243550,Spring-2017: Computational Statistics and Probability,Spring-2017: Predictive Models,Spring-2017: Numerical Methods,Fall-2017: Artificial Intelligence,Fall-2017: DAV 6100 Information Architectures,Fall-2017: AI Capstone: R&D Experience,Spring-2018: Special Topics,Spring-2018: Neural Networks and Deep Learning,Spring-2018: Machine Learning,Fall-2018: Bayesian Methods,Fall-2018: AI Product Studio,Fall-2018: Data Acquisition and Management,Hyatt,Livia,Artificial Intelligence,3.84,Fall-2018,India,Hindi,Health Sciences,24,3.5,"New York, NY",Entry Business Systems Analyst
4137997909,Fall-2017: DAV 5400 Analytics Programming,Fall-2017: DAV 6500 Capstone,Fall-2017: DAV 6000 Talent Analytics,Spring-2018: DAV 5300 Computational Math and Statistics,Spring-2018: Natural Language Processing,Spring-2018: DAV 5200 Visual Design and Storytelling,Fall-2018: Bayesian Methods,Fall-2018: DAV 6150 Data Science,Fall-2018: MAN 5580 Project Management,Spring-2019: DAV 5000 Business Modeling and Data Analysis,Spring-2019: DAV 6100 Information Architectures,Spring-2019: DAV 5100 Structured Data Management,Quagliano,Junior,Data Analytics and Visualization,3.81,Spring-2019,Pakistan,Sindhi,Computer Science,25,3.5,"New York, NY",Entry Data Analyst
4172304209,Fall-2016: Machine Learning,Fall-2016: Neural Networks and Deep Learning,Fall-2016: Complex Systems: Financial Time Series Analysis,Spring-2017: Artificial Intelligence,Spring-2017: Independent Study,Spring-2017: Data Acquisition and Management,Fall-2017: Computational Statistics and Probability,Fall-2017: AI Product Studio,Fall-2017: Numerical Methods,Spring-2018: Bayesian Methods,Spring-2018: Predictive Models,Spring-2018: AI Capstone: R&D Experience,Benincase,Edward,Artificial Intelligence,3.16,Spring-2018,China,Mandarin,Mathematics,25,3.5,"New York, NY",Database Administrator - Entry
4325315064,Fall-2017: Advanced Data Engineering,Fall-2017: Machine Learning,Fall-2017: AI Capstone: R&D Experience,Spring-2018: Neural Networks and Deep Learning,Spring-2018: Artificial Intelligence,Spring-2018: Internship,Fall-2018: Special Topics,Fall-2018: Predictive Models,Fall-2018: DAV 6000 Talent Analytics,Spring-2019: Data Acquisition and Management,Spring-2019: Numerical Methods,Spring-2019: Computational Statistics and Probability,Romero,Fabiola,Artificial Intelligence,3.69,Spring-2019,USA,English,Computer Science,28,7.0,"Woodbridge, NJ",Business Intelligence (BI) Developer
4328571177,Fall-2018: DAV 5100 Structured Data Management,Fall-2018: DAV 6500 Capstone,Fall-2018: DAV 5000 Business Modeling and Data Analysis,Spring-2019: DAV 6150 Data Science,Spring-2019: MAN 5580 Project Management,Spring-2019: Natural Language Processing,Fall-2019: Data Visualization,Fall-2019: DAV 5300 Computational Math and Statistics,Fall-2019: AI Product Studio,Spring-2020: Independent Study,Spring-2020: DAV 5200 Visual Design and Storytelling,Spring-2020: DAV 5400 Analytics Programming,Lawrence,Dean,Data Analytics and Visualization,3.24,Spring-2020,China,Cantonese,Mathematics,27,6.5,"New York, NY",Business Intelligence (BI) Developer
4368660602,Fall-2016: DAV 5200 Visual Design and Storytelling,Fall-2016: Complex Systems: Financial Time Series Analysis,Fall-2016: MAN 5580 Project Management,Spring-2017: DAV 5400 Analytics Programming,Spring-2017: DAV 5100 Structured Data Management,Spring-2017: DAV 6150 Data Science,Fall-2017: DAV 6200 Data Product Design,Fall-2017: DAV 6450 Independent Study,Fall-2017: DAV 6050 Data-Driven Organizations,Spring-2018: DAV 5300 Computational Math and Statistics,Spring-2018: DAV 5000 Business Modeling and Data Analysis,Spring-2018: DAV 6500 Capstone,Robbins,Brian,Data Analytics and Visualization,3.15,Spring-2018,China,Mandarin,Mathematics,24,2.5,"Woodbridge, NJ",Data Architect I
4431701095,Fall-2017: DAV 6500 Capstone,Fall-2017: Special Topics,Fall-2017: DAV 5100 Structured Data Management,Spring-2018: AI Product Studio,Spring-2018: DAV 5200 Visual Design and Storytelling,Spring-2018: Natural Language Processing,Fall-2018: DAV 5300 Computational Math and Statistics,Fall-2018: DAV 5400 Analytics Programming,Fall-2018: DAV 6050 Data-Driven Organizations,Spring-2019: DAV 5000 Business Modeling and Data Analysis,Spring-2019: MAN 5580 Project Management,Spring-2019: DAV 6150 Data Science,Clark,Cyril,Data Analytics and Visualization,2.89,Spring-2019,USA,English,Other,23,2.5,"New York, NY",Entry Business Systems Analyst
4457907000,Fall-2019: DAV 5000 Business Modeling and Data Analysis,Fall-2019: DAV 5100 Structured Data Management,Fall-2019: MAN 5580 Project Management,Spring-2020: Advanced Data Engineering,Spring-2020: DAV 5200 Visual Design and Storytelling,Spring-2020: Complex Systems: Financial Time Series Analysis,Fall-2020: DAV 6050 Data-Driven Organizations,Fall-2020: DAV 6500 Capstone,Fall-2020: DAV 5400 Analytics Programming,Spring-2021: DAV 6100 Information Architectures,Spring-2021: DAV 5300 Computational Math and Statistics,Spring-2021: Bayesian Methods,Guzman,Judy,Data Analytics and Visualization,3.51,Spring-2021,China,Cantonese,Computer Science,24,2.5,"New York, NY",Data Scientist I
4540549979,Spring-2016: DAV 6500 Capstone,Spring-2016: DAV 6200 Data Product Design,Spring-2016: MAN 5580 Project Management,Fall-2016: Special Topics,Fall-2016: DAV 5000 Business Modeling and Data Analysis,Fall-2016: AI Product Studio,Spring-2017: DAV 5400 Analytics Programming,Spring-2017: DAV 5200 Visual Design and Storytelling,Spring-2017: DAV 5300 Computational Math and Statistics,Fall-2017: DAV 6100 Information Architectures,Fall-2017: DAV 5100 Structured Data Management,Fall-2017: DAV 6000 Talent Analytics,Wayne,Lillie,Data Analytics and Visualization,3.54,Fall-2017,China,Mandarin,Engineering,26,4.0,"New York, NY",Entry Data Analyst
4784813239,Fall-2015: AI Capstone: R&D Experience,Fall-2015: Predictive Models,Fall-2015: Data Acquisition and Management,Spring-2016: Machine Learning,Spring-2016: Neural Networks and Deep Learning,Spring-2016: Computational Statistics and Probability,Fall-2016: Complex Systems: Financial Time Series Analysis,Fall-2016: Special Topics,Fall-2016: AI Product Studio,Spring-2017: DAV 6400 Internship,Spring-2017: Numerical Methods,Spring-2017: Artificial Intelligence,Calahan,Martin,Artificial Intelligence,2.95,Spring-2017,USA,English,Computer Science,27,5.5,"New York, NY",Entry Data Analyst
4800891893,Fall-2015: Predictive Models,Fall-2015: Complex Systems: Financial Time Series Analysis,Fall-2015: AI Product Studio,Spring-2016: Bayesian Methods,Spring-2016: AI Capstone: R&D Experience,Spring-2016: DAV 6150 Data Science,Fall-2016: Neural Networks and Deep Learning,Fall-2016: Artificial Intelligence,Fall-2016: Computational Statistics and Probability,Spring-2017: Machine Learning,Spring-2017: Data Acquisition and Management,Spring-2017: Numerical Methods,Johnson,Angela,Artificial Intelligence,3.51,Spring-2017,China,Mandarin,Mathematics,24,2.5,"New York, NY",Entry Data Analyst
4967509757,Fall-2020: MAN 5580 Project Management,Fall-2020: DAV 5200 Visual Design and Storytelling,Fall-2020: DAV 5300 Computational Math and Statistics,Spring-2021: DAV 5400 Analytics Programming,Spring-2021: DAV 6050 Data-Driven Organizations,Spring-2021: AI Product Studio,Fall-2021: DAV 6500 Capstone,Fall-2021: DAV 5100 Structured Data Management,Fall-2021: Bayesian Methods,Spring-2022: DAV 6000 Talent Analytics,Spring-2022: DAV 6300 Special Topics,Spring-2022: DAV 5000 Business Modeling and Data Analysis,Pepin,Anne,Data Analytics and Visualization,3.52,Spring-2022,China,Mandarin,Computer Science,33,11.5,"New York, NY",Entry Level Python Developer
4991566949,Fall-2015: DAV 5200 Visual Design and Storytelling,Fall-2015: Special Topics,Fall-2015: Advanced Data Engineering,Spring-2016: AI Product Studio,Spring-2016: DAV 6400 Internship,Spring-2016: DAV 5000 Business Modeling and Data Analysis,Fall-2016: DAV 5100 Structured Data Management,Fall-2016: DAV 5400 Analytics Programming,Fall-2016: DAV 5300 Computational Math and Statistics,Spring-2017: DAV 6100 Information Architectures,Spring-2017: MAN 5580 Project Management,Spring-2017: DAV 6500 Capstone,Berry,Susan,Data Analytics and Visualization,3.55,Spring-2017,China,Mandarin,Computer Science,25,3.0,"New York, NY",Business Intelligence (BI) Developer
5014754836,Fall-2018: Computational Statistics and Probability,Fall-2018: Artificial Intelligence,Fall-2018: Special Topics,Spring-2019: Data Acquisition and Management,Spring-2019: Machine Learning,Spring-2019: DAV 6000 Talent Analytics,Fall-2019: AI Capstone: R&D Experience,Fall-2019: Independent Study,Fall-2019: Numerical Methods,Spring-2020: Predictive Models,Spring-2020: DAV 6300 Special Topics,Spring-2020: Neural Networks and Deep Learning,Garcia,Amanda,Artificial Intelligence,3.1,Spring-2020,China,Mandarin,Computer Science,23,1.0,"New York, NY",Data Architect I
5230060699,Spring-2018: Complex Systems: Financial Time Series Analysis,Spring-2018: Data Visualization,Spring-2018: DAV 6000 Talent Analytics,Fall-2018: DAV 5000 Business Modeling and Data Analysis,Fall-2018: DAV 5200 Visual Design and Storytelling,Fall-2018: MAN 5580 Project Management,Spring-2019: Independent Study,Spring-2019: DAV 6500 Capstone,Spring-2019: DAV 5100 Structured Data Management,Fall-2019: DAV 5300 Computational Math and Statistics,Fall-2019: DAV 5400 Analytics Programming,Fall-2019: DAV 6200 Data Product Design,Sheridan,Kathleen,Data Analytics and Visualization,2.98,Fall-2019,China,Mandarin,Health Sciences,26,5.0,"New York, NY",Database Administrator - Entry
5434953761,Fall-2020: Computational Statistics and Probability,Fall-2020: AI Capstone: R&D Experience,Fall-2020: Machine Learning,Spring-2021: Numerical Methods,Spring-2021: DAV 6050 Data-Driven Organizations,Spring-2021: Data Acquisition and Management,Fall-2021: Neural Networks and Deep Learning,Fall-2021: DAV 6150 Data Science,Fall-2021: Artificial Intelligence,Spring-2022: Predictive Models,Spring-2022: Advanced Data Engineering,Spring-2022: DAV 6450 Independent Study,Hernandez,George,Artificial Intelligence,3.68,Spring-2022,USA,Spanish,Computer Science,28,6.0,"New York, NY",Big Data Architect
5498108097,Spring-2019: DAV 6500 Capstone,Spring-2019: Advanced Data Engineering,Spring-2019: Internship,Fall-2019: DAV 6450 Independent Study,Fall-2019: DAV 5300 Computational Math and Statistics,Fall-2019: DAV 5100 Structured Data Management,Spring-2020: DAV 6200 Data Product Design,Spring-2020: DAV 5000 Business Modeling and Data Analysis,Spring-2020: DAV 5200 Visual Design and Storytelling,Fall-2020: DAV 5400 Analytics Programming,Fall-2020: MAN 5580 Project Management,Fall-2020: DAV 6400 Internship,Mcdermott,Henry,Data Analytics and Visualization,3.38,Fall-2020,China,Cantonese,Health Sciences,27,6.5,"New York, NY",Big Data Architect
5522906291,Fall-2019: DAV 6050 Data-Driven Organizations,Fall-2019: DAV 6300 Special Topics,Fall-2019: DAV 6200 Data Product Design,Spring-2020: DAV 6500 Capstone,Spring-2020: DAV 5300 Computational Math and Statistics,Spring-2020: DAV 5400 Analytics Programming,Fall-2020: DAV 5200 Visual Design and Storytelling,Fall-2020: DAV 5000 Business Modeling and Data Analysis,Fall-2020: DAV 5100 Structured Data Management,Spring-2021: MAN 5580 Project Management,Spring-2021: Data Visualization,Spring-2021: DAV 6100 Information Architectures,Mitchell,Elizabeth,Data Analytics and Visualization,3.97,Spring-2021,USA,English,Engineering,25,3.0,"New York, NY",Big Data Architect
5588524536,Spring-2016: Predictive Models,Spring-2016: Artificial Intelligence,Spring-2016: Internship,Fall-2016: Numerical Methods,Fall-2016: DAV 6100 Information Architectures,Fall-2016: AI Capstone: R&D Experience,Spring-2017: Neural Networks and Deep Learning,Spring-2017: Computational Statistics and Probability,Spring-2017: Data Acquisition and Management,Fall-2017: Complex Systems: Financial Time Series Analysis,Fall-2017: Machine Learning,Fall-2017: DAV 6200 Data Product Design,Garcia,Debra,Artificial Intelligence,3.72,Fall-2017,China,Mandarin,Computer Science,32,11.0,"New York, NY",Entry Business Systems Analyst
5642867338,Spring-2018: DAV 6300 Special Topics,Spring-2018: AI Product Studio,Spring-2018: DAV 5400 Analytics Programming,Fall-2018: Data Visualization,Fall-2018: DAV 5000 Business Modeling and Data Analysis,Fall-2018: DAV 6500 Capstone,Spring-2019: DAV 6000 Talent Analytics,Spring-2019: DAV 6150 Data Science,Spring-2019: MAN 5580 Project Management,Fall-2019: DAV 5200 Visual Design and Storytelling,Fall-2019: DAV 5300 Computational Math and Statistics,Fall-2019: DAV 5100 Structured Data Management,Sharon,Mattie,Data Analytics and Visualization,3.48,Fall-2019,USA,English,Health Sciences,26,4.5,"New York, NY",Entry Business Systems Analyst
5784742934,Spring-2016: AI Product Studio,Spring-2016: MAN 5580 Project Management,Spring-2016: AI Product Studio,Fall-2016: DAV 6500 Capstone,Fall-2016: DAV 6450 Independent Study,Fall-2016: DAV 5100 Structured Data Management,Spring-2017: DAV 5400 Analytics Programming,Spring-2017: DAV 5200 Visual Design and Storytelling,Spring-2017: DAV 5000 Business Modeling and Data Analysis,Fall-2017: DAV 6300 Special Topics,Fall-2017: DAV 5300 Computational Math and Statistics,Fall-2017: Natural Language Processing,Wheat,Emmanuel,Data Analytics and Visualization,3.4,Fall-2017,China,Cantonese,Computer Science,26,5.0,"New York, NY",UX Design Intern
6243136616,Spring-2019: DAV 5400 Analytics Programming,Spring-2019: Advanced Data Engineering,Spring-2019: DAV 5100 Structured Data Management,Fall-2019: AI Product Studio,Fall-2019: DAV 5300 Computational Math and Statistics,Fall-2019: DAV 5200 Visual Design and Storytelling,Spring-2020: Natural Language Processing,Spring-2020: DAV 6500 Capstone,Spring-2020: DAV 5000 Business Modeling and Data Analysis,Fall-2020: Special Topics,Fall-2020: DAV 6200 Data Product Design,Fall-2020: MAN 5580 Project Management,Smith,Susan,Data Analytics and Visualization,3.67,Fall-2020,China,Mandarin,Computer Science,31,9.5,"Los Angeles, CA",Database Administrator - Entry
6279798073,Fall-2020: DAV 5100 Structured Data Management,Fall-2020: DAV 6400 Internship,Fall-2020: DAV 6450 Independent Study,Spring-2021: DAV 6150 Data Science,Spring-2021: DAV 6100 Information Architectures,Spring-2021: DAV 6500 Capstone,Fall-2021: AI Product Studio,Fall-2021: DAV 5300 Computational Math and Statistics,Fall-2021: DAV 5200 Visual Design and Storytelling,Spring-2022: DAV 5000 Business Modeling and Data Analysis,Spring-2022: DAV 5400 Analytics Programming,Spring-2022: MAN 5580 Project Management,Marquez,Kevin,Data Analytics and Visualization,3.74,Spring-2022,China,Cantonese,Mathematics,30,8.5,"New York, NY",Data Architect I
6280712683,Fall-2019: DAV 5000 Business Modeling and Data Analysis,Fall-2019: MAN 5580 Project Management,Fall-2019: DAV 5100 Structured Data Management,Spring-2020: Natural Language Processing,Spring-2020: DAV 6400 Internship,Spring-2020: DAV 5300 Computational Math and Statistics,Fall-2020: DAV 5400 Analytics Programming,Fall-2020: DAV 5200 Visual Design and Storytelling,Fall-2020: DAV 6500 Capstone,Spring-2021: Advanced Data Engineering,Spring-2021: AI Product Studio,Spring-2021: DAV 6000 Talent Analytics,Schreiber,Marion,Data Analytics and Visualization,3.95,Spring-2021,China,Mandarin,Engineering,23,1.5,"San Francisco, CA",Entry Data Analyst
6295538694,Fall-2016: AI Product Studio,Fall-2016: DAV 6100 Information Architectures,Fall-2016: DAV 5100 Structured Data Management,Spring-2017: DAV 6000 Talent Analytics,Spring-2017: DAV 6300 Special Topics,Spring-2017: DAV 6400 Internship,Fall-2017: DAV 5300 Computational Math and Statistics,Fall-2017: DAV 5400 Analytics Programming,Fall-2017: DAV 5000 Business Modeling and Data Analysis,Spring-2018: MAN 5580 Project Management,Spring-2018: DAV 6500 Capstone,Spring-2018: DAV 5200 Visual Design and Storytelling,Mcgibney,Marilyn,Data Analytics and Visualization,3.58,Spring-2018,China,Mandarin,Health Sciences,24,3.0,"New York, NY",Machine Learning Engineer
6460867046,Spring-2018: DAV 6500 Capstone,Spring-2018: DAV 5300 Computational Math and Statistics,Spring-2018: DAV 5200 Visual Design and Storytelling,Fall-2018: DAV 5000 Business Modeling and Data Analysis,Fall-2018: Special Topics,Fall-2018: DAV 5100 Structured Data Management,Spring-2019: DAV 6400 Internship,Spring-2019: DAV 5400 Analytics Programming,Spring-2019: DAV 6300 Special Topics,Fall-2019: DAV 6000 Talent Analytics,Fall-2019: Bayesian Methods,Fall-2019: MAN 5580 Project Management,Sanford,Aura,Data Analytics and Visualization,4.0,Fall-2019,Pakistan,Pashto,Computer Science,24,3.0,"New York, NY",Machine Learning Engineer
6509550025,Fall-2019: AI Capstone: R&D Experience,Fall-2019: Artificial Intelligence,Fall-2019: DAV 6300 Special Topics,Spring-2020: Numerical Methods,Spring-2020: Neural Networks and Deep Learning,Spring-2020: Predictive Models,Fall-2020: DAV 6050 Data-Driven Organizations,Fall-2020: Data Acquisition and Management,Fall-2020: DAV 6100 Information Architectures,Spring-2021: Computational Statistics and Probability,Spring-2021: Internship,Spring-2021: Machine Learning,Jacobson,Cindy,Artificial Intelligence,2.76,Spring-2021,Pakistan,Punjabi,Mathematics,24,2.5,"Woodbridge, NJ",Data Scientist I
6699991667,Spring-2017: Predictive Models,Spring-2017: Computational Statistics and Probability,Spring-2017: Artificial Intelligence,Fall-2017: Numerical Methods,Fall-2017: DAV 6150 Data Science,Fall-2017: Advanced Data Engineering,Spring-2018: Neural Networks and Deep Learning,Spring-2018: Bayesian Methods,Spring-2018: Complex Systems: Financial Time Series Analysis,Fall-2018: AI Capstone: R&D Experience,Fall-2018: Data Acquisition and Management,Fall-2018: Machine Learning,Grant,Kristopher,Artificial Intelligence,3.48,Fall-2018,USA,English,Mathematics,27,6.0,"New York, NY",Entry Business Systems Analyst
6796236330,Spring-2017: DAV 6400 Internship,Spring-2017: Complex Systems: Financial Time Series Analysis,Spring-2017: DAV 5300 Computational Math and Statistics,Fall-2017: DAV 6500 Capstone,Fall-2017: DAV 5000 Business Modeling and Data Analysis,Fall-2017: DAV 5200 Visual Design and Storytelling,Spring-2018: DAV 5400 Analytics Programming,Spring-2018: Special Topics,Spring-2018: MAN 5580 Project Management,Fall-2018: DAV 5100 Structured Data Management,Fall-2018: Independent Study,Fall-2018: Natural Language Processing,Burns,Mildred,Data Analytics and Visualization,3.81,Fall-2018,USA,English,Computer Science,23,1.5,"New York, NY",Data Scientist I
6981612896,Spring-2017: DAV 6150 Data Science,Spring-2017: Numerical Methods,Spring-2017: Advanced Data Engineering,Fall-2017: Data Acquisition and Management,Fall-2017: Artificial Intelligence,Fall-2017: AI Capstone: R&D Experience,Spring-2018: DAV 6450 Independent Study,Spring-2018: Machine Learning,Spring-2018: DAV 6000 Talent Analytics,Fall-2018: Predictive Models,Fall-2018: Computational Statistics and Probability,Fall-2018: Neural Networks and Deep Learning,Douglas,Ok,Artificial Intelligence,3.62,Fall-2018,USA,English,Engineering,23,2.5,"New York, NY",Entry Level Python Developer
6999427840,Fall-2017: DAV 6450 Independent Study,Fall-2017: DAV 5100 Structured Data Management,Fall-2017: MAN 5580 Project Management,Spring-2018: Data Visualization,Spring-2018: DAV 6500 Capstone,Spring-2018: DAV 6200 Data Product Design,Fall-2018: DAV 5200 Visual Design and Storytelling,Fall-2018: DAV 5000 Business Modeling and Data Analysis,Fall-2018: DAV 5400 Analytics Programming,Spring-2019: Advanced Data Engineering,Spring-2019: Natural Language Processing,Spring-2019: DAV 5300 Computational Math and Statistics,Vanalstyne,Tobi,Data Analytics and Visualization,3.45,Spring-2019,USA,English,Other,26,5.5,"New York, NY",Machine Learning Engineer
7007065989,Fall-2016: DAV 6300 Special Topics,Fall-2016: DAV 5200 Visual Design and Storytelling,Fall-2016: DAV 6500 Capstone,Spring-2017: DAV 5300 Computational Math and Statistics,Spring-2017: DAV 6000 Talent Analytics,Spring-2017: Bayesian Methods,Fall-2017: DAV 6400 Internship,Fall-2017: AI Product Studio,Fall-2017: DAV 5000 Business Modeling and Data Analysis,Spring-2018: DAV 5400 Analytics Programming,Spring-2018: MAN 5580 Project Management,Spring-2018: DAV 5100 Structured Data Management,Chiarello,Jacqueline,Data Analytics and Visualization,2.58,Spring-2018,China,Wu,Mathematics,33,11.0,"New York, NY",Machine Learning Engineer
7043109883,Fall-2020: AI Product Studio,Fall-2020: Natural Language Processing,Fall-2020: DAV 6500 Capstone,Spring-2021: DAV 5400 Analytics Programming,Spring-2021: Special Topics,Spring-2021: MAN 5580 Project Management,Fall-2021: DAV 5000 Business Modeling and Data Analysis,Fall-2021: Internship,Fall-2021: DAV 5200 Visual Design and Storytelling,Spring-2022: DAV 6200 Data Product Design,Spring-2022: DAV 5300 Computational Math and Statistics,Spring-2022: DAV 5100 Structured Data Management,Amari,Dennis,Data Analytics and Visualization,3.55,Spring-2022,China,Mandarin,Mathematics,26,5.5,"Woodbridge, NJ",Database Administrator - Entry
7186511257,Spring-2017: DAV 6100 Information Architectures,Spring-2017: Internship,Spring-2017: DAV 6050 Data-Driven Organizations,Fall-2017: DAV 5100 Structured Data Management,Fall-2017: MAN 5580 Project Management,Fall-2017: DAV 5400 Analytics Programming,Spring-2018: DAV 5200 Visual Design and Storytelling,Spring-2018: DAV 5000 Business Modeling and Data Analysis,Spring-2018: DAV 5300 Computational Math and Statistics,Fall-2018: DAV 6450 Independent Study,Fall-2018: DAV 6500 Capstone,Fall-2018: AI Product Studio,Anderson,Johnny,Data Analytics and Visualization,3.39,Fall-2018,India,Gujarati,Computer Science,33,11.5,"New York, NY",Machine Learning Engineer
7187559044,Spring-2017: DAV 5200 Visual Design and Storytelling,Spring-2017: AI Product Studio,Spring-2017: MAN 5580 Project Management,Fall-2017: DAV 5300 Computational Math and Statistics,Fall-2017: Independent Study,Fall-2017: DAV 5100 Structured Data Management,Spring-2018: DAV 6150 Data Science,Spring-2018: DAV 5400 Analytics Programming,Spring-2018: DAV 6500 Capstone,Fall-2018: DAV 5000 Business Modeling and Data Analysis,Fall-2018: Special Topics,Fall-2018: DAV 6100 Information Architectures,Pagan,Ashley,Data Analytics and Visualization,4.0,Fall-2018,Pakistan,Punjabi,Mathematics,24,2.0,"New York, NY",Machine Learning Engineer
7300878175,Spring-2019: DAV 5100 Structured Data Management,Spring-2019: Natural Language Processing,Spring-2019: DAV 6150 Data Science,Fall-2019: DAV 6100 Information Architectures,Fall-2019: DAV 5300 Computational Math and Statistics,Fall-2019: AI Product Studio,Spring-2020: DAV 6500 Capstone,Spring-2020: DAV 5400 Analytics Programming,Spring-2020: DAV 5200 Visual Design and Storytelling,Fall-2020: DAV 5000 Business Modeling and Data Analysis,Fall-2020: MAN 5580 Project Management,Fall-2020: AI Product Studio,Reed,Anthony,Data Analytics and Visualization,3.64,Fall-2020,USA,English,Computer Science,25,4.5,"New York, NY",Database Administrator - Entry
7408726601,Spring-2020: Numerical Methods,Spring-2020: Machine Learning,Spring-2020: Predictive Models,Fall-2020: AI Product Studio,Fall-2020: AI Capstone: R&D Experience,Fall-2020: AI Product Studio,Spring-2021: Artificial Intelligence,Spring-2021: Neural Networks and Deep Learning,Spring-2021: Computational Statistics and Probability,Fall-2021: DAV 6100 Information Architectures,Fall-2021: Data Acquisition and Management,Fall-2021: DAV 6050 Data-Driven Organizations,Furbush,Daniel,Artificial Intelligence,3.27,Fall-2021,USA,English,Computer Science,27,5.5,"New York, NY",Data Scientist I
7434279301,Fall-2019: AI Capstone: R&D Experience,Fall-2019: DAV 6200 Data Product Design,Fall-2019: Neural Networks and Deep Learning,Spring-2020: Numerical Methods,Spring-2020: Data Acquisition and Management,Spring-2020: Artificial Intelligence,Fall-2020: Natural Language Processing,Fall-2020: Machine Learning,Fall-2020: Data Visualization,Spring-2021: DAV 6050 Data-Driven Organizations,Spring-2021: Predictive Models,Spring-2021: Computational Statistics and Probability,Barrett,Michael,Artificial Intelligence,3.3,Spring-2021,China,Cantonese,Health Sciences,24,2.5,"New York, NY",Business Intelligence (BI) Developer
7550850592,Spring-2019: DAV 6000 Talent Analytics,Spring-2019: DAV 6300 Special Topics,Spring-2019: MAN 5580 Project Management,Fall-2019: DAV 6500 Capstone,Fall-2019: DAV 5000 Business Modeling and Data Analysis,Fall-2019: DAV 5200 Visual Design and Storytelling,Spring-2020: DAV 6450 Independent Study,Spring-2020: DAV 5400 Analytics Programming,Spring-2020: AI Product Studio,Fall-2020: DAV 5100 Structured Data Management,Fall-2020: Independent Study,Fall-2020: DAV 5300 Computational Math and Statistics,Serrell,Allan,Data Analytics and Visualization,3.03,Fall-2020,China,Mandarin,Computer Science,24,2.0,"New York, NY",Entry Business Systems Analyst
7593367099,Spring-2016: Internship,Spring-2016: Machine Learning,Spring-2016: Computational Statistics and Probability,Fall-2016: DAV 6000 Talent Analytics,Fall-2016: AI Capstone: R&D Experience,Fall-2016: Predictive Models,Spring-2017: DAV 6150 Data Science,Spring-2017: Data Acquisition and Management,Spring-2017: Neural Networks and Deep Learning,Fall-2017: Numerical Methods,Fall-2017: Artificial Intelligence,Fall-2017: DAV 6200 Data Product Design,Watson,Sylvia,Artificial Intelligence,3.7,Fall-2017,USA,Spanish,Other,33,11.0,"Woodbridge, NJ",Machine Learning Engineer
7650358264,Spring-2016: Independent Study,Spring-2016: DAV 6500 Capstone,Spring-2016: DAV 5300 Computational Math and Statistics,Fall-2016: DAV 6150 Data Science,Fall-2016: DAV 6400 Internship,Fall-2016: Internship,Spring-2017: DAV 5200 Visual Design and Storytelling,Spring-2017: Advanced Data Engineering,Spring-2017: DAV 5000 Business Modeling and Data Analysis,Fall-2017: DAV 5100 Structured Data Management,Fall-2017: MAN 5580 Project Management,Fall-2017: DAV 5400 Analytics Programming,Velazquez,Maira,Data Analytics and Visualization,3.84,Fall-2017,USA,English,Computer Science,28,6.0,"Chicago, IL",Big Data Architect
7709074811,Fall-2018: Machine Learning,Fall-2018: AI Capstone: R&D Experience,Fall-2018: Neural Networks and Deep Learning,Spring-2019: DAV 6200 Data Product Design,Spring-2019: Artificial Intelligence,Spring-2019: Computational Statistics and Probability,Fall-2019: Data Visualization,Fall-2019: Data Acquisition and Management,Fall-2019: Natural Language Processing,Spring-2020: Numerical Methods,Spring-2020: DAV 6000 Talent Analytics,Spring-2020: Predictive Models,Parsons,Larry,Artificial Intelligence,3.96,Spring-2020,China,Mandarin,Computer Science,23,2.5,"New York, NY",Business Intelligence (BI) Developer
8072792574,Spring-2018: AI Capstone: R&D Experience,Spring-2018: Machine Learning,Spring-2018: Artificial Intelligence,Fall-2018: DAV 6300 Special Topics,Fall-2018: DAV 6100 Information Architectures,Fall-2018: Special Topics,Spring-2019: Predictive Models,Spring-2019: Neural Networks and Deep Learning,Spring-2019: Data Acquisition and Management,Fall-2019: Advanced Data Engineering,Fall-2019: Computational Statistics and Probability,Fall-2019: Numerical Methods,Crouch,Richard,Artificial Intelligence,2.81,Fall-2019,India,Hindi,Other,25,4.5,"New York, NY",Big Data Architect
8112831315,Fall-2017: AI Product Studio,Fall-2017: DAV 6500 Capstone,Fall-2017: Complex Systems: Financial Time Series Analysis,Spring-2018: DAV 6000 Talent Analytics,Spring-2018: DAV 6400 Internship,Spring-2018: DAV 6050 Data-Driven Organizations,Fall-2018: DAV 5400 Analytics Programming,Fall-2018: DAV 5100 Structured Data Management,Fall-2018: DAV 5300 Computational Math and Statistics,Spring-2019: MAN 5580 Project Management,Spring-2019: DAV 5000 Business Modeling and Data Analysis,Spring-2019: DAV 5200 Visual Design and Storytelling,Hatter,Liz,Data Analytics and Visualization,2.95,Spring-2019,China,Mandarin,Computer Science,25,4.5,"Los Angeles, CA",Big Data Architect
8129868026,Spring-2020: DAV 5400 Analytics Programming,Spring-2020: DAV 6050 Data-Driven Organizations,Spring-2020: Complex Systems: Financial Time Series Analysis,Fall-2020: DAV 5000 Business Modeling and Data Analysis,Fall-2020: AI Product Studio,Fall-2020: DAV 6500 Capstone,Spring-2021: DAV 5100 Structured Data Management,Spring-2021: MAN 5580 Project Management,Spring-2021: DAV 6150 Data Science,Fall-2021: DAV 5200 Visual Design and Storytelling,Fall-2021: DAV 5300 Computational Math and Statistics,Fall-2021: DAV 6450 Independent Study,Menzies,Brittney,Data Analytics and Visualization,3.92,Fall-2021,USA,Spanish,Computer Science,23,2.5,"San Francisco, CA",Data Architect I
8185417669,Spring-2020: DAV 5200 Visual Design and Storytelling,Spring-2020: Natural Language Processing,Spring-2020: AI Product Studio,Fall-2020: MAN 5580 Project Management,Fall-2020: Internship,Fall-2020: DAV 6500 Capstone,Spring-2021: DAV 5100 Structured Data Management,Spring-2021: DAV 5400 Analytics Programming,Spring-2021: DAV 6300 Special Topics,Fall-2021: DAV 6200 Data Product Design,Fall-2021: DAV 5000 Business Modeling and Data Analysis,Fall-2021: DAV 5300 Computational Math and Statistics,Hayes,Audrey,Data Analytics and Visualization,3.71,Fall-2021,China,Mandarin,Engineering,25,4.5,"New York, NY",Machine Learning Engineer
8225692756,Spring-2019: Data Acquisition and Management,Spring-2019: DAV 6000 Talent Analytics,Spring-2019: Numerical Methods,Fall-2019: Predictive Models,Fall-2019: AI Capstone: R&D Experience,Fall-2019: Artificial Intelligence,Spring-2020: Neural Networks and Deep Learning,Spring-2020: Computational Statistics and Probability,Spring-2020: Data Visualization,Fall-2020: Special Topics,Fall-2020: Machine Learning,Fall-2020: Internship,Anderson,James,Artificial Intelligence,3.02,Fall-2020,USA,English,Mathematics,23,1.0,"New York, NY",Data Scientist I
8265025887,Spring-2016: Bayesian Methods,Spring-2016: DAV 5100 Structured Data Management,Spring-2016: DAV 6500 Capstone,Fall-2016: DAV 5000 Business Modeling and Data Analysis,Fall-2016: MAN 5580 Project Management,Fall-2016: DAV 6000 Talent Analytics,Spring-2017: DAV 5200 Visual Design and Storytelling,Spring-2017: DAV 5300 Computational Math and Statistics,Spring-2017: Natural Language Processing,Fall-2017: Complex Systems: Financial Time Series Analysis,Fall-2017: DAV 5400 Analytics Programming,Fall-2017: DAV 6050 Data-Driven Organizations,Rolen,David,Data Analytics and Visualization,2.65,Fall-2017,Other,F,Computer Science,25,3.0,"New York, NY",Business Intelligence (BI) Developer
8283215692,Spring-2016: Special Topics,Spring-2016: Machine Learning,Spring-2016: Neural Networks and Deep Learning,Fall-2016: DAV 6150 Data Science,Fall-2016: DAV 6450 Independent Study,Fall-2016: DAV 6300 Special Topics,Spring-2017: Data Acquisition and Management,Spring-2017: Predictive Models,Spring-2017: AI Capstone: R&D Experience,Fall-2017: Artificial Intelligence,Fall-2017: Computational Statistics and Probability,Fall-2017: Numerical Methods,Collins,Tom,Artificial Intelligence,3.69,Fall-2017,India,Hindi,Engineering,23,2.0,"New York, NY",Database Administrator - Entry
8317186460,Fall-2018: AI Capstone: R&D Experience,Fall-2018: Computational Statistics and Probability,Fall-2018: Machine Learning,Spring-2019: DAV 6100 Information Architectures,Spring-2019: Numerical Methods,Spring-2019: Data Acquisition and Management,Fall-2019: Neural Networks and Deep Learning,Fall-2019: Predictive Models,Fall-2019: DAV 6000 Talent Analytics,Spring-2020: Complex Systems: Financial Time Series Analysis,Spring-2020: Artificial Intelligence,Spring-2020: DAV 6150 Data Science,Odonell,Pamela,Artificial Intelligence,3.49,Spring-2020,USA,English,Mathematics,25,4.0,"New York, NY",Data Architect I
8443109586,Fall-2020: DAV 6500 Capstone,Fall-2020: Special Topics,Fall-2020: DAV 5300 Computational Math and Statistics,Spring-2021: DAV 5100 Structured Data Management,Spring-2021: DAV 5400 Analytics Programming,Spring-2021: DAV 6200 Data Product Design,Fall-2021: DAV 5000 Business Modeling and Data Analysis,Fall-2021: MAN 5580 Project Management,Fall-2021: DAV 6100 Information Architectures,Spring-2022: Natural Language Processing,Spring-2022: Internship,Spring-2022: DAV 5200 Visual Design and Storytelling,Jones,Jennifer,Data Analytics and Visualization,3.35,Spring-2022,China,Mandarin,Computer Science,23,2.5,"New York, NY",Business Intelligence (BI) Developer
8479614053,Fall-2015: DAV 5200 Visual Design and Storytelling,Fall-2015: DAV 5100 Structured Data Management,Fall-2015: AI Product Studio,Spring-2016: DAV 5300 Computational Math and Statistics,Spring-2016: Independent Study,Spring-2016: DAV 5400 Analytics Programming,Fall-2016: DAV 6500 Capstone,Fall-2016: Natural Language Processing,Fall-2016: Data Visualization,Spring-2017: DAV 6150 Data Science,Spring-2017: DAV 5000 Business Modeling and Data Analysis,Spring-2017: MAN 5580 Project Management,Pockrus,Clifford,Data Analytics and Visualization,4.0,Spring-2017,China,Mandarin,Other,29,8.0,"New York, NY",Entry Business Systems Analyst
8740282061,Fall-2019: Advanced Data Engineering,Fall-2019: Data Visualization,Fall-2019: DAV 5200 Visual Design and Storytelling,Spring-2020: MAN 5580 Project Management,Spring-2020: DAV 5100 Structured Data Management,Spring-2020: DAV 5400 Analytics Programming,Fall-2020: DAV 6100 Information Architectures,Fall-2020: DAV 5000 Business Modeling and Data Analysis,Fall-2020: DAV 6200 Data Product Design,Spring-2021: Bayesian Methods,Spring-2021: DAV 6500 Capstone,Spring-2021: DAV 5300 Computational Math and Statistics,Bailey,Kerri,Data Analytics and Visualization,3.27,Spring-2021,Other,H,Computer Science,25,4.5,"New York, NY",Machine Learning Engineer
8919040067,Spring-2018: MAN 5580 Project Management,Spring-2018: DAV 5200 Visual Design and Storytelling,Spring-2018: DAV 5400 Analytics Programming,Fall-2018: Bayesian Methods,Fall-2018: DAV 5000 Business Modeling and Data Analysis,Fall-2018: DAV 6450 Independent Study,Spring-2019: Natural Language Processing,Spring-2019: DAV 6000 Talent Analytics,Spring-2019: DAV 5300 Computational Math and Statistics,Fall-2019: DAV 6300 Special Topics,Fall-2019: DAV 6500 Capstone,Fall-2019: DAV 5100 Structured Data Management,Francis,Sergio,Data Analytics and Visualization,3.39,Fall-2019,USA,Spanish,Computer Science,24,2.5,"San Francisco, CA",Data Scientist I
8964907590,Spring-2018: DAV 5400 Analytics Programming,Spring-2018: DAV 5300 Computational Math and Statistics,Spring-2018: DAV 6200 Data Product Design,Fall-2018: Natural Language Processing,Fall-2018: DAV 6300 Special Topics,Fall-2018: Data Visualization,Spring-2019: DAV 5000 Business Modeling and Data Analysis,Spring-2019: DAV 5100 Structured Data Management,Spring-2019: MAN 5580 Project Management,Fall-2019: DAV 6500 Capstone,Fall-2019: DAV 5200 Visual Design and Storytelling,Fall-2019: AI Product Studio,Freeman,Mason,Data Analytics and Visualization,3.37,Fall-2019,USA,English,Engineering,26,5.5,"Woodbridge, NJ",Data Architect I
9016952358,Fall-2016: DAV 5100 Structured Data Management,Fall-2016: DAV 6000 Talent Analytics,Fall-2016: Natural Language Processing,Spring-2017: MAN 5580 Project Management,Spring-2017: DAV 6400 Internship,Spring-2017: DAV 6500 Capstone,Fall-2017: Advanced Data Engineering,Fall-2017: DAV 5300 Computational Math and Statistics,Fall-2017: DAV 5200 Visual Design and Storytelling,Spring-2018: DAV 5400 Analytics Programming,Spring-2018: Special Topics,Spring-2018: DAV 5000 Business Modeling and Data Analysis,Upton,Glenda,Data Analytics and Visualization,3.74,Spring-2018,China,Mandarin,Mathematics,27,6.0,"Chicago, IL",Entry Data Analyst
9052700276,Spring-2017: DAV 6500 Capstone,Spring-2017: MAN 5580 Project Management,Spring-2017: Independent Study,Fall-2017: DAV 5300 Computational Math and Statistics,Fall-2017: DAV 6400 Internship,Fall-2017: DAV 5200 Visual Design and Storytelling,Spring-2018: Bayesian Methods,Spring-2018: DAV 6000 Talent Analytics,Spring-2018: DAV 5000 Business Modeling and Data Analysis,Fall-2018: DAV 5100 Structured Data Management,Fall-2018: DAV 5400 Analytics Programming,Fall-2018: Internship,Fontenot,Richard,Data Analytics and Visualization,3.26,Fall-2018,China,Mandarin,Computer Science,24,3.5,"San Francisco, CA",Database Administrator - Entry
9074563926,Fall-2019: DAV 5000 Business Modeling and Data Analysis,Fall-2019: Independent Study,Fall-2019: DAV 5100 Structured Data Management,Spring-2020: DAV 6200 Data Product Design,Spring-2020: DAV 5400 Analytics Programming,Spring-2020: DAV 6150 Data Science,Fall-2020: DAV 5200 Visual Design and Storytelling,Fall-2020: DAV 6500 Capstone,Fall-2020: MAN 5580 Project Management,Spring-2021: Complex Systems: Financial Time Series Analysis,Spring-2021: DAV 6300 Special Topics,Spring-2021: DAV 5300 Computational Math and Statistics,Moore,David,Data Analytics and Visualization,3.9,Spring-2021,USA,English,Computer Science,24,3.5,"San Francisco, CA",Entry Level Python Developer
9171762242,Spring-2018: AI Capstone: R&D Experience,Spring-2018: Neural Networks and Deep Learning,Spring-2018: Data Acquisition and Management,Fall-2018: Artificial Intelligence,Fall-2018: AI Product Studio,Fall-2018: Predictive Models,Spring-2019: DAV 6000 Talent Analytics,Spring-2019: Machine Learning,Spring-2019: Computational Statistics and Probability,Fall-2019: Data Visualization,Fall-2019: Natural Language Processing,Fall-2019: Numerical Methods,Placko,Dorothy,Artificial Intelligence,3.43,Fall-2019,China,Mandarin,Mathematics,23,1.5,"New York, NY",Entry Business Systems Analyst
9177232959,Fall-2020: DAV 6500 Capstone,Fall-2020: DAV 5200 Visual Design and Storytelling,Fall-2020: DAV 5000 Business Modeling and Data Analysis,Spring-2021: DAV 5300 Computational Math and Statistics,Spring-2021: DAV 6450 Independent Study,Spring-2021: DAV 5400 Analytics Programming,Fall-2021: DAV 6300 Special Topics,Fall-2021: Complex Systems: Financial Time Series Analysis,Fall-2021: Internship,Spring-2022: MAN 5580 Project Management,Spring-2022: Independent Study,Spring-2022: DAV 5100 Structured Data Management,Cashin,Earle,Data Analytics and Visualization,3.87,Spring-2022,USA,English,Engineering,25,4.5,"Bridgeport, CT",Big Data Architect
9181549154,Spring-2019: DAV 6000 Talent Analytics,Spring-2019: DAV 5200 Visual Design and Storytelling,Spring-2019: DAV 6100 Information Architectures,Fall-2019: DAV 5300 Computational Math and Statistics,Fall-2019: DAV 5100 Structured Data Management,Fall-2019: MAN 5580 Project Management,Spring-2020: AI Product Studio,Spring-2020: DAV 5000 Business Modeling and Data Analysis,Spring-2020: DAV 6450 Independent Study,Fall-2020: DAV 6300 Special Topics,Fall-2020: DAV 5400 Analytics Programming,Fall-2020: DAV 6500 Capstone,Underwood,Peter,Data Analytics and Visualization,3.36,Fall-2020,USA,English,Mathematics,23,1.0,"New York, NY",Database Administrator - Entry
9247834877,Spring-2017: Special Topics,Spring-2017: AI Capstone: R&D Experience,Spring-2017: Advanced Data Engineering,Fall-2017: Natural Language Processing,Fall-2017: DAV 6400 Internship,Fall-2017: Artificial Intelligence,Spring-2018: Computational Statistics and Probability,Spring-2018: Predictive Models,Spring-2018: Data Acquisition and Management,Fall-2018: Neural Networks and Deep Learning,Fall-2018: Machine Learning,Fall-2018: Numerical Methods,King,Vanessa,Artificial Intelligence,3.51,Fall-2018,Other,P,Mathematics,25,4.0,"New York, NY",Machine Learning Engineer
9290159667,Fall-2015: Independent Study,Fall-2015: Computational Statistics and Probability,Fall-2015: AI Product Studio,Spring-2016: Data Acquisition and Management,Spring-2016: Advanced Data Engineering,Spring-2016: AI Capstone: R&D Experience,Fall-2016: Bayesian Methods,Fall-2016: Predictive Models,Fall-2016: Artificial Intelligence,Spring-2017: Neural Networks and Deep Learning,Spring-2017: Machine Learning,Spring-2017: Numerical Methods,Potter,Eugene,Artificial Intelligence,3.63,Spring-2017,Pakistan,Sindhi,Mathematics,27,6.0,"New York, NY",Data Architect I
9350248059,Fall-2020: DAV 5100 Structured Data Management,Fall-2020: DAV 6100 Information Architectures,Fall-2020: DAV 5000 Business Modeling and Data Analysis,Spring-2021: Independent Study,Spring-2021: DAV 6050 Data-Driven Organizations,Spring-2021: DAV 6400 Internship,Fall-2021: DAV 6500 Capstone,Fall-2021: DAV 5300 Computational Math and Statistics,Fall-2021: DAV 5200 Visual Design and Storytelling,Spring-2022: DAV 5400 Analytics Programming,Spring-2022: AI Product Studio,Spring-2022: MAN 5580 Project Management,Hoffmann,William,Data Analytics and Visualization,3.5,Spring-2022,Other,A,Computer Science,32,10.0,"Los Angeles, CA",Database Administrator - Entry
9415890082,Spring-2019: DAV 5100 Structured Data Management,Spring-2019: Natural Language Processing,Spring-2019: DAV 6400 Internship,Fall-2019: DAV 5400 Analytics Programming,Fall-2019: AI Product Studio,Fall-2019: DAV 5000 Business Modeling and Data Analysis,Spring-2020: MAN 5580 Project Management,Spring-2020: DAV 5200 Visual Design and Storytelling,Spring-2020: DAV 6450 Independent Study,Fall-2020: DAV 5300 Computational Math and Statistics,Fall-2020: Bayesian Methods,Fall-2020: DAV 6500 Capstone,Macko,George,Data Analytics and Visualization,4.0,Fall-2020,India,Malayalam,Engineering,26,4.5,"New York, NY",Machine Learning Engineer
9546897753,Spring-2020: DAV 6500 Capstone,Spring-2020: Advanced Data Engineering,Spring-2020: MAN 5580 Project Management,Fall-2020: Natural Language Processing,Fall-2020: DAV 5100 Structured Data Management,Fall-2020: DAV 5000 Business Modeling and Data Analysis,Spring-2021: DAV 6000 Talent Analytics,Spring-2021: DAV 5400 Analytics Programming,Spring-2021: DAV 5200 Visual Design and Storytelling,Fall-2021: DAV 5300 Computational Math and Statistics,Fall-2021: DAV 6150 Data Science,Fall-2021: DAV 6300 Special Topics,Rudolph,Heather,Data Analytics and Visualization,3.32,Fall-2021,USA,Spanish,Computer Science,25,3.0,"New York, NY",Machine Learning Engineer
9575532707,Spring-2018: DAV 6400 Internship,Spring-2018: DAV 5400 Analytics Programming,Spring-2018: DAV 5100 Structured Data Management,Fall-2018: DAV 5300 Computational Math and Statistics,Fall-2018: DAV 5000 Business Modeling and Data Analysis,Fall-2018: DAV 6000 Talent Analytics,Spring-2019: Complex Systems: Financial Time Series Analysis,Spring-2019: DAV 6500 Capstone,Spring-2019: DAV 5200 Visual Design and Storytelling,Fall-2019: DAV 6150 Data Science,Fall-2019: Special Topics,Fall-2019: MAN 5580 Project Management,Smith,Angela,Data Analytics and Visualization,4.0,Fall-2019,Other,F,Computer Science,25,3.5,"Los Angeles, CA",Database Administrator - Entry
9706615799,Fall-2015: DAV 6500 Capstone,Fall-2015: DAV 5200 Visual Design and Storytelling,Fall-2015: Advanced Data Engineering,Spring-2016: AI Product Studio,Spring-2016: MAN 5580 Project Management,Spring-2016: DAV 6050 Data-Driven Organizations,Fall-2016: DAV 6400 Internship,Fall-2016: DAV 5000 Business Modeling and Data Analysis,Fall-2016: DAV 5400 Analytics Programming,Spring-2017: AI Product Studio,Spring-2017: DAV 5100 Structured Data Management,Spring-2017: DAV 5300 Computational Math and Statistics,Burley,Kenneth,Data Analytics and Visualization,3.55,Spring-2017,China,Mandarin,Engineering,24,2.0,"New York, NY",Big Data Architect
9720828257,Fall-2020: Numerical Methods,Fall-2020: DAV 6300 Special Topics,Fall-2020: Data Acquisition and Management,Spring-2021: AI Capstone: R&D Experience,Spring-2021: Advanced Data Engineering,Spring-2021: Machine Learning,Fall-2021: Computational Statistics and Probability,Fall-2021: Predictive Models,Fall-2021: Neural Networks and Deep Learning,Spring-2022: Natural Language Processing,Spring-2022: Artificial Intelligence,Spring-2022: DAV 6150 Data Science,Bryan,Simone,Artificial Intelligence,3.38,Spring-2022,China,Mandarin,Engineering,27,5.0,"New York, NY",Database Administrator - Entry
9756576633,Fall-2020: DAV 6500 Capstone,Fall-2020: DAV 5400 Analytics Programming,Fall-2020: DAV 5000 Business Modeling and Data Analysis,Spring-2021: DAV 5100 Structured Data Management,Spring-2021: MAN 5580 Project Management,Spring-2021: DAV 5300 Computational Math and Statistics,Fall-2021: DAV 6450 Independent Study,Fall-2021: DAV 5200 Visual Design and Storytelling,Fall-2021: DAV 6400 Internship,Spring-2022: Internship,Spring-2022: Complex Systems: Financial Time Series Analysis,Spring-2022: DAV 6150 Data Science,Sobina,Rubye,Data Analytics and Visualization,3.54,Spring-2022,India,Hindi,Mathematics,26,4.0,"New York, NY",Data Architect I
9760083447,Fall-2018: DAV 5000 Business Modeling and Data Analysis,Fall-2018: DAV 6500 Capstone,Fall-2018: DAV 5200 Visual Design and Storytelling,Spring-2019: DAV 5400 Analytics Programming,Spring-2019: DAV 6050 Data-Driven Organizations,Spring-2019: DAV 5300 Computational Math and Statistics,Fall-2019: MAN 5580 Project Management,Fall-2019: DAV 6200 Data Product Design,Fall-2019: DAV 5100 Structured Data Management,Spring-2020: AI Product Studio,Spring-2020: Independent Study,Spring-2020: DAV 6450 Independent Study,Albert,William,Data Analytics and Visualization,2.81,Spring-2020,USA,English,Mathematics,24,3.0,"Chicago, IL",Entry Business Systems Analyst
9854174075,Fall-2018: DAV 5000 Business Modeling and Data Analysis,Fall-2018: DAV 6300 Special Topics,Fall-2018: DAV 5100 Structured Data Management,Spring-2019: DAV 5300 Computational Math and Statistics,Spring-2019: DAV 5200 Visual Design and Storytelling,Spring-2019: DAV 6500 Capstone,Fall-2019: DAV 6450 Independent Study,Fall-2019: DAV 5400 Analytics Programming,Fall-2019: DAV 6100 Information Architectures,Spring-2020: Bayesian Methods,Spring-2020: MAN 5580 Project Management,Spring-2020: Special Topics,Grantham,Chris,Data Analytics and Visualization,3.74,Spring-2020,USA,Spanish,Computer Science,26,5.0,"New York, NY",Data Scientist I
9960941997,Fall-2016: DAV 6400 Internship,Fall-2016: MAN 5580 Project Management,Fall-2016: DAV 5400 Analytics Programming,Spring-2017: DAV 6450 Independent Study,Spring-2017: DAV 5100 Structured Data Management,Spring-2017: DAV 6500 Capstone,Fall-2017: Special Topics,Fall-2017: DAV 5000 Business Modeling and Data Analysis,Fall-2017: Complex Systems: Financial Time Series Analysis,Spring-2018: DAV 6200 Data Product Design,Spring-2018: DAV 5200 Visual Design and Storytelling,Spring-2018: DAV 5300 Computational Math and Statistics,Milburn,John,Data Analytics and Visualization,3.11,Spring-2018,USA,Spanish,Mathematics,23,1.0,"New York, NY",Machine Learning Engineer
9973127018,Spring-2019: Advanced Data Engineering,Spring-2019: Neural Networks and Deep Learning,Spring-2019: Machine Learning,Fall-2019: Numerical Methods,Fall-2019: DAV 6200 Data Product Design,Fall-2019: Predictive Models,Spring-2020: AI Product Studio,Spring-2020: Computational Statistics and Probability,Spring-2020: DAV 6300 Special Topics,Fall-2020: Data Acquisition and Management,Fall-2020: Artificial Intelligence,Fall-2020: AI Capstone: R&D Experience,Woode,David,Artificial Intelligence,3.05,Fall-2020,China,Mandarin,Computer Science,27,6.0,"New York, NY",Entry Level Python Developer
