Title,Location,Description,nTile10,nTile25,nTile50,nTile75,nTile90
Entry Data Analyst,"New York, NY","The Entry Data Analyst researches best practices and supports developing the solutions and recommendations for the current business operations. Performs routine business analysis using various techniques, e.g. statistical analysis, explanatory and predictive modeling, data mining. Being an Entry Data Analyst may provide business data interpretation. May work with the internal or external client to identify analytical requirements. In addition, Entry Data Analyst may help to produce ad hoc data and reports. May assist in developing or implementing systems to capture business operation information. Requires a bachelor&#39;s degree. Typically reports to a supervisor or manager. Being an Entry Data Analyst works on projects/matters of limited complexity in a support role. Work is closely managed. Working as an Entry Data Analyst typically requires 0-2 years of related experience.",59217,66501,74501,84901,94370
Data Scientist I,"New York, NY","Data Scientist I identifies business trends and problems through complex big data analysis. Interprets results from multiple sources using a variety of techniques, ranging from simple data aggregation via statistical analysis to complex data mining independently. Being a Data Scientist I designs, develops and implements the most valuable business solutions for the organization. Prepares big data, implements data models and develops database to support the business solutions. Additionally, Data Scientist I may require an advanced degree. Typically reports to a manager. The Data Scientist I work is closely managed. Works on projects/matters of limited complexity in a support role. To be a Data Scientist I typically requires 0-2 years of related experience.",71178,78996,87583,94654,101092
Machine Learning Engineer,"New York, NY","Machine learning (ML) is the scientific study of algorithms and statistical models that computer systems use to effectively perform a specific task without using explicit instructions, relying on patterns and inference instead. It is seen as a subset of artificial intelligence. Machine learning algorithms build a mathematical model of sample data, known as &quot;training data&quot;, in order to make predictions or decisions without being explicitly programmed to perform the task.:2 Machine learning algorithms are used in a wide variety of applications, such as email filtering, and computer vision, where it is infeasible to develop an algorithm of specific instructions for performing the task. Machine learning is closely related to computational statistics, which focuses on making predictions using computers. The study of mathematical optimization delivers methods, theory and application domains to the field of machine learning. Data mining is a field of study within machine learning, and focuses on exploratory data analysis through unsupervised learning. In its application across business problems, machine learning is also referred to as predictive analytics.",120647,133379,147363,163566,178318
Business Intelligence (BI) Developer,"New York, NY","Business Intelligence Specialist III creates reports, visualizations, dashboards, and metrics that provide business insight and aid business decision-making. Uses querying languages like SQL, scripting languages like R or Python, and other tools like Tableau or Excel to produce reports and perform meaningful quantitative or qualitative analyses addressing impactful business issues or questions. Being a Business Intelligence Specialist III combines these reports with subject-matter expertise to deliver coherent, insightful takeaways and advice. Collaborates with project stakeholders to better understand valuable objectives and KPIs and to design relevant reports and dashboards. Additionally, Business Intelligence Specialist III requires a bachelor&#39;s degree. Typically reports to a supervisor or manager. The Business Intelligence Specialist III work is generally independent and collaborative in nature. Contributes to moderately complex aspects of a project. To be a Business Intelligence Specialist III typically requires 4-7 years of related experience.",84409,96462,109699,123972,136966
Entry Level Python Developer,"New York, NY","Web Applications Developer I designs, develops, and maintains internal and external websites for an organization. Uses knowledge of common web development languages (e.g., HTML, Java, PHP, JSP, ASP.NET, Python, AJAX) to build and expand site functionality. Being a Web Applications Developer I creates and enhances the overall website appearance using graphic/multi-media design software and designs site navigation that is clear and easy to understand. Ensures sites remain scalable while complying with performance and security standards. Additionally, Web Applications Developer I updates site content based on input from marketing and documents changes in source code. Typically requires a bachelor&#39;s degree in a related area. Typically reports to a manager. The Web Applications Developer I work is closely managed. Works on projects/matters of limited complexity in a support role. To be a Web Applications Developer I typically requires 0-2 years of related experience.",86000,96369,107759,122924,136732
UX Design Intern,"New York, NY","UI/Usability Designer II applies user-centered design principles to improve the workflow, expand the functionality, and enhance the visual appeal of websites and mobile apps. Gathers requirements from users and stakeholders, defines information architecture, creates sample user personas, and documents user workflow. Being an UI/Usability Designer II designs wireframes, mockups, and prototypes. Applies the results from user research and usability testing to create new features and improve current features. Additionally, UI/Usability Designer II requires knowledge of HTML, JavaScript, Lineto and FLASH. May perform user research, usability testing, or facilitate focus groups. May require familiarity with various graphic design software packages. Typically requires a bachelor&#39;s degree in area of specialty. Typically reports to a supervisor or manager. The UI/Usability Designer II occasionally directed in several aspects of the work. Gaining exposure to some of the complex tasks within the job function. To be an UI/Usability Designer II typically requires 2-4 years of related experience.",69877,80828,92857,102037,110394
Data Architect I,"New York, NY","Data Architect I designs and builds relational databases for data storage or processing. Develops strategies for warehouse implementation, data acquisition and access, and data archiving and recovery. Being a Data Architect I builds data models and defines the structure, attributes and nomenclature of data elements. May evaluate new data sources for adherence to the organization&#39;s quality standards and ease of integration. Additionally, Data Architect I typically requires a bachelor&#39;s degree. Typically reports to a supervisor or manager. The Data Architect I works on projects/matters of limited complexity in a support role. Work is closely managed. To be a Data Architect I typically requires 0-2 years of related experience.",56388,76682,98972,121339,141702
Big Data Architect,"New York, NY","A data architect is a practitioner of data architecture, an information technology discipline concerned with designing, creating, deploying and managing an organization&#39;s data architecture. Data architects define how the data will be stored, consumed, integrated and managed by different data entities and IT systems, as well as any applications using or processing that data in some way.  It is closely allied with business architecture and is considered to be one of the four domains of enterprise architecture.",142355,160138,179670,209033,235766
Database Administrator - Entry,"New York, NY","The Database Administrator - Entry implements and monitors database access and configurations. Administers and maintains the company database and data warehouses. Being a Database Administrator - Entry performs database recovery and back-up. Resolves database performance and capacity issues. In addition, Database Administrator - Entry may involve in capacity planning, and some development work. May require a bachelor&#39;s degree or its equivalent. Typically reports to a manager. Being a Database Administrator - Entry works on projects/matters of limited complexity in a support role. Work is closely managed. Working as a Database Administrator - Entry typically requires 0-2 years of related experience.",63451,72100,81600,94600,106436
Entry Business Systems Analyst,"New York, NY","The Entry Business Systems Analyst documents system requirements, defines scope and objectives, and assists in the creation of system specifications that drive system development and implementation. Reviews, analyzes, and evaluates user needs to create systems solutions that support overall business strategies. Being an Entry Business Systems Analyst typically requires a bachelor&#39;s degree or its equivalent. Incumbents function as a liaison between IT and users and have both business and technical expertise. In addition, Entry Business Systems Analyst typically reports to a manager. Being an Entry Business Systems Analyst works on projects/matters of limited complexity in a support role. Work is closely managed. Working as an Entry Business Systems Analyst typically requires 0-2 years of related experience.",59714,67080,75170,84080,92192
Entry Data Analyst,"Chicago, IL","The Entry Data Analyst researches best practices and supports developing the solutions and recommendations for the current business operations. Performs routine business analysis using various techniques, e.g. statistical analysis, explanatory and predictive modeling, data mining. Being an Entry Data Analyst may provide business data interpretation. May work with the internal or external client to identify analytical requirements. In addition, Entry Data Analyst may help to produce ad hoc data and reports. May assist in developing or implementing systems to capture business operation information. Requires a bachelor&#39;s degree. Typically reports to a supervisor or manager. Being an Entry Data Analyst works on projects/matters of limited complexity in a support role. Work is closely managed. Working as an Entry Data Analyst typically requires 0-2 years of related experience.",52328,58701,65701,74901,83277
Data Scientist I,"Chicago, IL","Data Scientist I identifies business trends and problems through complex big data analysis. Interprets results from multiple sources using a variety of techniques, ranging from simple data aggregation via statistical analysis to complex data mining independently. Being a Data Scientist I designs, develops and implements the most valuable business solutions for the organization. Prepares big data, implements data models and develops database to support the business solutions. Additionally, Data Scientist I may require an advanced degree. Typically reports to a manager. The Data Scientist I work is closely managed. Works on projects/matters of limited complexity in a support role. To be a Data Scientist I typically requires 0-2 years of related experience.",62770,69664,77237,83473,89150
Machine Learning Engineer,"Chicago, IL","Machine learning (ML) is the scientific study of algorithms and statistical models that computer systems use to effectively perform a specific task without using explicit instructions, relying on patterns and inference instead. It is seen as a subset of artificial intelligence. Machine learning algorithms build a mathematical model of sample data, known as &quot;training data&quot;, in order to make predictions or decisions without being explicitly programmed to perform the task.:2 Machine learning algorithms are used in a wide variety of applications, such as email filtering, and computer vision, where it is infeasible to develop an algorithm of specific instructions for performing the task. Machine learning is closely related to computational statistics, which focuses on making predictions using computers. The study of mathematical optimization delivers methods, theory and application domains to the field of machine learning. Data mining is a field of study within machine learning, and focuses on exploratory data analysis through unsupervised learning. In its application across business problems, machine learning is also referred to as predictive analytics.",106395,117623,129955,144244,157253
Business Intelligence (BI) Developer,"Chicago, IL","Business Intelligence Specialist III creates reports, visualizations, dashboards, and metrics that provide business insight and aid business decision-making. Uses querying languages like SQL, scripting languages like R or Python, and other tools like Tableau or Excel to produce reports and perform meaningful quantitative or qualitative analyses addressing impactful business issues or questions. Being a Business Intelligence Specialist III combines these reports with subject-matter expertise to deliver coherent, insightful takeaways and advice. Collaborates with project stakeholders to better understand valuable objectives and KPIs and to design relevant reports and dashboards. Additionally, Business Intelligence Specialist III requires a bachelor&#39;s degree. Typically reports to a supervisor or manager. The Business Intelligence Specialist III work is generally independent and collaborative in nature. Contributes to moderately complex aspects of a project. To be a Business Intelligence Specialist III typically requires 4-7 years of related experience.",74438,85067,96741,109327,120786
Entry Level Python Developer,"Chicago, IL","Web Applications Developer I designs, develops, and maintains internal and external websites for an organization. Uses knowledge of common web development languages (e.g., HTML, Java, PHP, JSP, ASP.NET, Python, AJAX) to build and expand site functionality. Being a Web Applications Developer I creates and enhances the overall website appearance using graphic/multi-media design software and designs site navigation that is clear and easy to understand. Ensures sites remain scalable while complying with performance and security standards. Additionally, Web Applications Developer I updates site content based on input from marketing and documents changes in source code. Typically requires a bachelor&#39;s degree in a related area. Typically reports to a manager. The Web Applications Developer I work is closely managed. Works on projects/matters of limited complexity in a support role. To be a Web Applications Developer I typically requires 0-2 years of related experience.",75841,84985,95030,108403,120579
UX Design Intern,"Chicago, IL","UI/Usability Designer II applies user-centered design principles to improve the workflow, expand the functionality, and enhance the visual appeal of websites and mobile apps. Gathers requirements from users and stakeholders, defines information architecture, creates sample user personas, and documents user workflow. Being an UI/Usability Designer II designs wireframes, mockups, and prototypes. Applies the results from user research and usability testing to create new features and improve current features. Additionally, UI/Usability Designer II requires knowledge of HTML, JavaScript, Lineto and FLASH. May perform user research, usability testing, or facilitate focus groups. May require familiarity with various graphic design software packages. Typically requires a bachelor&#39;s degree in area of specialty. Typically reports to a supervisor or manager. The UI/Usability Designer II occasionally directed in several aspects of the work. Gaining exposure to some of the complex tasks within the job function. To be an UI/Usability Designer II typically requires 2-4 years of related experience.",61622,71280,81888,89983,97354
Data Architect I,"Chicago, IL","Data Architect I designs and builds relational databases for data storage or processing. Develops strategies for warehouse implementation, data acquisition and access, and data archiving and recovery. Being a Data Architect I builds data models and defines the structure, attributes and nomenclature of data elements. May evaluate new data sources for adherence to the organization&#39;s quality standards and ease of integration. Additionally, Data Architect I typically requires a bachelor&#39;s degree. Typically reports to a supervisor or manager. The Data Architect I works on projects/matters of limited complexity in a support role. Work is closely managed. To be a Data Architect I typically requires 0-2 years of related experience.",49727,67624,87281,107005,124963
Big Data Architect,"Chicago, IL","A data architect is a practitioner of data architecture, an information technology discipline concerned with designing, creating, deploying and managing an organization&#39;s data architecture. Data architects define how the data will be stored, consumed, integrated and managed by different data entities and IT systems, as well as any applications using or processing that data in some way.  It is closely allied with business architecture and is considered to be one of the four domains of enterprise architecture.",125539,141221,158446,184340,207915
Database Administrator - Entry,"Chicago, IL","The Database Administrator - Entry implements and monitors database access and configurations. Administers and maintains the company database and data warehouses. Being a Database Administrator - Entry performs database recovery and back-up. Resolves database performance and capacity issues. In addition, Database Administrator - Entry may involve in capacity planning, and some development work. May require a bachelor&#39;s degree or its equivalent. Typically reports to a manager. Being a Database Administrator - Entry works on projects/matters of limited complexity in a support role. Work is closely managed. Working as a Database Administrator - Entry typically requires 0-2 years of related experience.",55952,63600,72000,83400,93779
Entry Business Systems Analyst,"Chicago, IL","The Entry Business Systems Analyst documents system requirements, defines scope and objectives, and assists in the creation of system specifications that drive system development and implementation. Reviews, analyzes, and evaluates user needs to create systems solutions that support overall business strategies. Being an Entry Business Systems Analyst typically requires a bachelor&#39;s degree or its equivalent. Incumbents function as a liaison between IT and users and have both business and technical expertise. In addition, Entry Business Systems Analyst typically reports to a manager. Being an Entry Business Systems Analyst works on projects/matters of limited complexity in a support role. Work is closely managed. Working as an Entry Business Systems Analyst typically requires 0-2 years of related experience.",52649,59150,66290,74140,81287
Entry Data Analyst,"Woodbridge, NJ","The Entry Data Analyst researches best practices and supports developing the solutions and recommendations for the current business operations. Performs routine business analysis using various techniques, e.g. statistical analysis, explanatory and predictive modeling, data mining. Being an Entry Data Analyst may provide business data interpretation. May work with the internal or external client to identify analytical requirements. In addition, Entry Data Analyst may help to produce ad hoc data and reports. May assist in developing or implementing systems to capture business operation information. Requires a bachelor&#39;s degree. Typically reports to a supervisor or manager. Being an Entry Data Analyst works on projects/matters of limited complexity in a support role. Work is closely managed. Working as an Entry Data Analyst typically requires 0-2 years of related experience.",55173,62001,69501,79201,88032
Data Scientist I,"Woodbridge, NJ","Data Scientist I identifies business trends and problems through complex big data analysis. Interprets results from multiple sources using a variety of techniques, ranging from simple data aggregation via statistical analysis to complex data mining independently. Being a Data Scientist I designs, develops and implements the most valuable business solutions for the organization. Prepares big data, implements data models and develops database to support the business solutions. Additionally, Data Scientist I may require an advanced degree. Typically reports to a manager. The Data Scientist I work is closely managed. Works on projects/matters of limited complexity in a support role. To be a Data Scientist I typically requires 0-2 years of related experience.",66385,73677,81686,88281,94285
Machine Learning Engineer,"Woodbridge, NJ","Machine learning (ML) is the scientific study of algorithms and statistical models that computer systems use to effectively perform a specific task without using explicit instructions, relying on patterns and inference instead. It is seen as a subset of artificial intelligence. Machine learning algorithms build a mathematical model of sample data, known as &quot;training data&quot;, in order to make predictions or decisions without being explicitly programmed to perform the task.:2 Machine learning algorithms are used in a wide variety of applications, such as email filtering, and computer vision, where it is infeasible to develop an algorithm of specific instructions for performing the task. Machine learning is closely related to computational statistics, which focuses on making predictions using computers. The study of mathematical optimization delivers methods, theory and application domains to the field of machine learning. Data mining is a field of study within machine learning, and focuses on exploratory data analysis through unsupervised learning. In its application across business problems, machine learning is also referred to as predictive analytics.",112523,124398,137440,152553,166311
Business Intelligence (BI) Developer,"Woodbridge, NJ","Business Intelligence Specialist III creates reports, visualizations, dashboards, and metrics that provide business insight and aid business decision-making. Uses querying languages like SQL, scripting languages like R or Python, and other tools like Tableau or Excel to produce reports and perform meaningful quantitative or qualitative analyses addressing impactful business issues or questions. Being a Business Intelligence Specialist III combines these reports with subject-matter expertise to deliver coherent, insightful takeaways and advice. Collaborates with project stakeholders to better understand valuable objectives and KPIs and to design relevant reports and dashboards. Additionally, Business Intelligence Specialist III requires a bachelor&#39;s degree. Typically reports to a supervisor or manager. The Business Intelligence Specialist III work is generally independent and collaborative in nature. Contributes to moderately complex aspects of a project. To be a Business Intelligence Specialist III typically requires 4-7 years of related experience.",78726,89967,102313,115625,127744
Entry Level Python Developer,"Woodbridge, NJ","Web Applications Developer I designs, develops, and maintains internal and external websites for an organization. Uses knowledge of common web development languages (e.g., HTML, Java, PHP, JSP, ASP.NET, Python, AJAX) to build and expand site functionality. Being a Web Applications Developer I creates and enhances the overall website appearance using graphic/multi-media design software and designs site navigation that is clear and easy to understand. Ensures sites remain scalable while complying with performance and security standards. Additionally, Web Applications Developer I updates site content based on input from marketing and documents changes in source code. Typically requires a bachelor&#39;s degree in a related area. Typically reports to a manager. The Web Applications Developer I work is closely managed. Works on projects/matters of limited complexity in a support role. To be a Web Applications Developer I typically requires 0-2 years of related experience.",80209,89881,100504,114648,127525
UX Design Intern,"Woodbridge, NJ","UI/Usability Designer II applies user-centered design principles to improve the workflow, expand the functionality, and enhance the visual appeal of websites and mobile apps. Gathers requirements from users and stakeholders, defines information architecture, creates sample user personas, and documents user workflow. Being an UI/Usability Designer II designs wireframes, mockups, and prototypes. Applies the results from user research and usability testing to create new features and improve current features. Additionally, UI/Usability Designer II requires knowledge of HTML, JavaScript, Lineto and FLASH. May perform user research, usability testing, or facilitate focus groups. May require familiarity with various graphic design software packages. Typically requires a bachelor&#39;s degree in area of specialty. Typically reports to a supervisor or manager. The UI/Usability Designer II occasionally directed in several aspects of the work. Gaining exposure to some of the complex tasks within the job function. To be an UI/Usability Designer II typically requires 2-4 years of related experience.",65172,75386,86605,95166,102961
Data Architect I,"Woodbridge, NJ","Data Architect I designs and builds relational databases for data storage or processing. Develops strategies for warehouse implementation, data acquisition and access, and data archiving and recovery. Being a Data Architect I builds data models and defines the structure, attributes and nomenclature of data elements. May evaluate new data sources for adherence to the organization&#39;s quality standards and ease of integration. Additionally, Data Architect I typically requires a bachelor&#39;s degree. Typically reports to a supervisor or manager. The Data Architect I works on projects/matters of limited complexity in a support role. Work is closely managed. To be a Data Architect I typically requires 0-2 years of related experience.",52591,71519,92308,113169,132161
Big Data Architect,"Woodbridge, NJ","A data architect is a practitioner of data architecture, an information technology discipline concerned with designing, creating, deploying and managing an organization&#39;s data architecture. Data architects define how the data will be stored, consumed, integrated and managed by different data entities and IT systems, as well as any applications using or processing that data in some way.  It is closely allied with business architecture and is considered to be one of the four domains of enterprise architecture.",132770,149356,167573,194959,219892
Database Administrator - Entry,"Woodbridge, NJ","The Database Administrator - Entry implements and monitors database access and configurations. Administers and maintains the company database and data warehouses. Being a Database Administrator - Entry performs database recovery and back-up. Resolves database performance and capacity issues. In addition, Database Administrator - Entry may involve in capacity planning, and some development work. May require a bachelor&#39;s degree or its equivalent. Typically reports to a manager. Being a Database Administrator - Entry works on projects/matters of limited complexity in a support role. Work is closely managed. Working as a Database Administrator - Entry typically requires 0-2 years of related experience.",59288,67300,76100,88200,99216
Entry Business Systems Analyst,"Woodbridge, NJ","The Entry Business Systems Analyst documents system requirements, defines scope and objectives, and assists in the creation of system specifications that drive system development and implementation. Reviews, analyzes, and evaluates user needs to create systems solutions that support overall business strategies. Being an Entry Business Systems Analyst typically requires a bachelor&#39;s degree or its equivalent. Incumbents function as a liaison between IT and users and have both business and technical expertise. In addition, Entry Business Systems Analyst typically reports to a manager. Being an Entry Business Systems Analyst works on projects/matters of limited complexity in a support role. Work is closely managed. Working as an Entry Business Systems Analyst typically requires 0-2 years of related experience.",55686,62560,70110,78410,85967
Entry Data Analyst,"San Francisco, CA","The Entry Data Analyst researches best practices and supports developing the solutions and recommendations for the current business operations. Performs routine business analysis using various techniques, e.g. statistical analysis, explanatory and predictive modeling, data mining. Being an Entry Data Analyst may provide business data interpretation. May work with the internal or external client to identify analytical requirements. In addition, Entry Data Analyst may help to produce ad hoc data and reports. May assist in developing or implementing systems to capture business operation information. Requires a bachelor&#39;s degree. Typically reports to a supervisor or manager. Being an Entry Data Analyst works on projects/matters of limited complexity in a support role. Work is closely managed. Working as an Entry Data Analyst typically requires 0-2 years of related experience.",61544,69101,77401,88201,98034
Data Scientist I,"San Francisco, CA","Data Scientist I identifies business trends and problems through complex big data analysis. Interprets results from multiple sources using a variety of techniques, ranging from simple data aggregation via statistical analysis to complex data mining independently. Being a Data Scientist I designs, develops and implements the most valuable business solutions for the organization. Prepares big data, implements data models and develops database to support the business solutions. Additionally, Data Scientist I may require an advanced degree. Typically reports to a manager. The Data Scientist I work is closely managed. Works on projects/matters of limited complexity in a support role. To be a Data Scientist I typically requires 0-2 years of related experience.",73959,82082,91005,98352,105041
Machine Learning Engineer,"San Francisco, CA","Machine learning (ML) is the scientific study of algorithms and statistical models that computer systems use to effectively perform a specific task without using explicit instructions, relying on patterns and inference instead. It is seen as a subset of artificial intelligence. Machine learning algorithms build a mathematical model of sample data, known as &quot;training data&quot;, in order to make predictions or decisions without being explicitly programmed to perform the task.:2 Machine learning algorithms are used in a wide variety of applications, such as email filtering, and computer vision, where it is infeasible to develop an algorithm of specific instructions for performing the task. Machine learning is closely related to computational statistics, which focuses on making predictions using computers. The study of mathematical optimization delivers methods, theory and application domains to the field of machine learning. Data mining is a field of study within machine learning, and focuses on exploratory data analysis through unsupervised learning. In its application across business problems, machine learning is also referred to as predictive analytics.",125360,138590,153120,169956,185285
Business Intelligence (BI) Developer,"San Francisco, CA","Business Intelligence Specialist III creates reports, visualizations, dashboards, and metrics that provide business insight and aid business decision-making. Uses querying languages like SQL, scripting languages like R or Python, and other tools like Tableau or Excel to produce reports and perform meaningful quantitative or qualitative analyses addressing impactful business issues or questions. Being a Business Intelligence Specialist III combines these reports with subject-matter expertise to deliver coherent, insightful takeaways and advice. Collaborates with project stakeholders to better understand valuable objectives and KPIs and to design relevant reports and dashboards. Additionally, Business Intelligence Specialist III requires a bachelor&#39;s degree. Typically reports to a supervisor or manager. The Business Intelligence Specialist III work is generally independent and collaborative in nature. Contributes to moderately complex aspects of a project. To be a Business Intelligence Specialist III typically requires 4-7 years of related experience.",87707,100230,113985,128815,142317
Entry Level Python Developer,"San Francisco, CA","Web Applications Developer I designs, develops, and maintains internal and external websites for an organization. Uses knowledge of common web development languages (e.g., HTML, Java, PHP, JSP, ASP.NET, Python, AJAX) to build and expand site functionality. Being a Web Applications Developer I creates and enhances the overall website appearance using graphic/multi-media design software and designs site navigation that is clear and easy to understand. Ensures sites remain scalable while complying with performance and security standards. Additionally, Web Applications Developer I updates site content based on input from marketing and documents changes in source code. Typically requires a bachelor&#39;s degree in a related area. Typically reports to a manager. The Web Applications Developer I work is closely managed. Works on projects/matters of limited complexity in a support role. To be a Web Applications Developer I typically requires 0-2 years of related experience.",89360,100134,111969,127727,142073
UX Design Intern,"San Francisco, CA","UI/Usability Designer II applies user-centered design principles to improve the workflow, expand the functionality, and enhance the visual appeal of websites and mobile apps. Gathers requirements from users and stakeholders, defines information architecture, creates sample user personas, and documents user workflow. Being an UI/Usability Designer II designs wireframes, mockups, and prototypes. Applies the results from user research and usability testing to create new features and improve current features. Additionally, UI/Usability Designer II requires knowledge of HTML, JavaScript, Lineto and FLASH. May perform user research, usability testing, or facilitate focus groups. May require familiarity with various graphic design software packages. Typically requires a bachelor&#39;s degree in area of specialty. Typically reports to a supervisor or manager. The UI/Usability Designer II occasionally directed in several aspects of the work. Gaining exposure to some of the complex tasks within the job function. To be an UI/Usability Designer II typically requires 2-4 years of related experience.",72607,83986,96485,106023,114707
Data Architect I,"San Francisco, CA","Data Architect I designs and builds relational databases for data storage or processing. Develops strategies for warehouse implementation, data acquisition and access, and data archiving and recovery. Being a Data Architect I builds data models and defines the structure, attributes and nomenclature of data elements. May evaluate new data sources for adherence to the organization&#39;s quality standards and ease of integration. Additionally, Data Architect I typically requires a bachelor&#39;s degree. Typically reports to a supervisor or manager. The Data Architect I works on projects/matters of limited complexity in a support role. Work is closely managed. To be a Data Architect I typically requires 0-2 years of related experience.",58591,79678,102839,126079,147238
Database Administrator - Entry,"San Francisco, CA","The Database Administrator - Entry implements and monitors database access and configurations. Administers and maintains the company database and data warehouses. Being a Database Administrator - Entry performs database recovery and back-up. Resolves database performance and capacity issues. In addition, Database Administrator - Entry may involve in capacity planning, and some development work. May require a bachelor&#39;s degree or its equivalent. Typically reports to a manager. Being a Database Administrator - Entry works on projects/matters of limited complexity in a support role. Work is closely managed. Working as a Database Administrator - Entry typically requires 0-2 years of related experience.",65887,74900,84800,98300,110591
Entry Business Systems Analyst,"San Francisco, CA","The Entry Business Systems Analyst documents system requirements, defines scope and objectives, and assists in the creation of system specifications that drive system development and implementation. Reviews, analyzes, and evaluates user needs to create systems solutions that support overall business strategies. Being an Entry Business Systems Analyst typically requires a bachelor&#39;s degree or its equivalent. Incumbents function as a liaison between IT and users and have both business and technical expertise. In addition, Entry Business Systems Analyst typically reports to a manager. Being an Entry Business Systems Analyst works on projects/matters of limited complexity in a support role. Work is closely managed. Working as an Entry Business Systems Analyst typically requires 0-2 years of related experience.",62043,69700,78110,87360,95782
Entry Data Analyst,"Los Angeles, CA","The Entry Data Analyst researches best practices and supports developing the solutions and recommendations for the current business operations. Performs routine business analysis using various techniques, e.g. statistical analysis, explanatory and predictive modeling, data mining. Being an Entry Data Analyst may provide business data interpretation. May work with the internal or external client to identify analytical requirements. In addition, Entry Data Analyst may help to produce ad hoc data and reports. May assist in developing or implementing systems to capture business operation information. Requires a bachelor&#39;s degree. Typically reports to a supervisor or manager. Being an Entry Data Analyst works on projects/matters of limited complexity in a support role. Work is closely managed. Working as an Entry Data Analyst typically requires 0-2 years of related experience.",55673,62501,70001,79801,88723
Data Scientist I,"Los Angeles, CA","Data Scientist I identifies business trends and problems through complex big data analysis. Interprets results from multiple sources using a variety of techniques, ranging from simple data aggregation via statistical analysis to complex data mining independently. Being a Data Scientist I designs, develops and implements the most valuable business solutions for the organization. Prepares big data, implements data models and develops database to support the business solutions. Additionally, Data Scientist I may require an advanced degree. Typically reports to a manager. The Data Scientist I work is closely managed. Works on projects/matters of limited complexity in a support role. To be a Data Scientist I typically requires 0-2 years of related experience.",66917,74267,82340,88987,95040
Machine Learning Engineer,"Los Angeles, CA","Machine learning (ML) is the scientific study of algorithms and statistical models that computer systems use to effectively perform a specific task without using explicit instructions, relying on patterns and inference instead. It is seen as a subset of artificial intelligence. Machine learning algorithms build a mathematical model of sample data, known as &quot;training data&quot;, in order to make predictions or decisions without being explicitly programmed to perform the task.:2 Machine learning algorithms are used in a wide variety of applications, such as email filtering, and computer vision, where it is infeasible to develop an algorithm of specific instructions for performing the task. Machine learning is closely related to computational statistics, which focuses on making predictions using computers. The study of mathematical optimization delivers methods, theory and application domains to the field of machine learning. Data mining is a field of study within machine learning, and focuses on exploratory data analysis through unsupervised learning. In its application across business problems, machine learning is also referred to as predictive analytics.",113424,125394,138540,153774,167642
Business Intelligence (BI) Developer,"Los Angeles, CA","Business Intelligence Specialist III creates reports, visualizations, dashboards, and metrics that provide business insight and aid business decision-making. Uses querying languages like SQL, scripting languages like R or Python, and other tools like Tableau or Excel to produce reports and perform meaningful quantitative or qualitative analyses addressing impactful business issues or questions. Being a Business Intelligence Specialist III combines these reports with subject-matter expertise to deliver coherent, insightful takeaways and advice. Collaborates with project stakeholders to better understand valuable objectives and KPIs and to design relevant reports and dashboards. Additionally, Business Intelligence Specialist III requires a bachelor&#39;s degree. Typically reports to a supervisor or manager. The Business Intelligence Specialist III work is generally independent and collaborative in nature. Contributes to moderately complex aspects of a project. To be a Business Intelligence Specialist III typically requires 4-7 years of related experience.",79356,90687,103132,116550,128766
Entry Level Python Developer,"Los Angeles, CA","Web Applications Developer I designs, develops, and maintains internal and external websites for an organization. Uses knowledge of common web development languages (e.g., HTML, Java, PHP, JSP, ASP.NET, Python, AJAX) to build and expand site functionality. Being a Web Applications Developer I creates and enhances the overall website appearance using graphic/multi-media design software and designs site navigation that is clear and easy to understand. Ensures sites remain scalable while complying with performance and security standards. Additionally, Web Applications Developer I updates site content based on input from marketing and documents changes in source code. Typically requires a bachelor&#39;s degree in a related area. Typically reports to a manager. The Web Applications Developer I work is closely managed. Works on projects/matters of limited complexity in a support role. To be a Web Applications Developer I typically requires 0-2 years of related experience.",80851,90600,101308,115565,128546
UX Design Intern,"Los Angeles, CA","UI/Usability Designer II applies user-centered design principles to improve the workflow, expand the functionality, and enhance the visual appeal of websites and mobile apps. Gathers requirements from users and stakeholders, defines information architecture, creates sample user personas, and documents user workflow. Being an UI/Usability Designer II designs wireframes, mockups, and prototypes. Applies the results from user research and usability testing to create new features and improve current features. Additionally, UI/Usability Designer II requires knowledge of HTML, JavaScript, Lineto and FLASH. May perform user research, usability testing, or facilitate focus groups. May require familiarity with various graphic design software packages. Typically requires a bachelor&#39;s degree in area of specialty. Typically reports to a supervisor or manager. The UI/Usability Designer II occasionally directed in several aspects of the work. Gaining exposure to some of the complex tasks within the job function. To be an UI/Usability Designer II typically requires 2-4 years of related experience.",65693,75989,87298,95928,103785
Data Architect I,"Los Angeles, CA","Data Architect I designs and builds relational databases for data storage or processing. Develops strategies for warehouse implementation, data acquisition and access, and data archiving and recovery. Being a Data Architect I builds data models and defines the structure, attributes and nomenclature of data elements. May evaluate new data sources for adherence to the organization&#39;s quality standards and ease of integration. Additionally, Data Architect I typically requires a bachelor&#39;s degree. Typically reports to a supervisor or manager. The Data Architect I works on projects/matters of limited complexity in a support role. Work is closely managed. To be a Data Architect I typically requires 0-2 years of related experience.",53012,72091,93047,114075,133219
Big Data Architect,"Los Angeles, CA","A data architect is a practitioner of data architecture, an information technology discipline concerned with designing, creating, deploying and managing an organization&#39;s data architecture. Data architects define how the data will be stored, consumed, integrated and managed by different data entities and IT systems, as well as any applications using or processing that data in some way.  It is closely allied with business architecture and is considered to be one of the four domains of enterprise architecture.",133833,150551,168914,196519,221652
Database Administrator - Entry,"Los Angeles, CA","The Database Administrator - Entry implements and monitors database access and configurations. Administers and maintains the company database and data warehouses. Being a Database Administrator - Entry performs database recovery and back-up. Resolves database performance and capacity issues. In addition, Database Administrator - Entry may involve in capacity planning, and some development work. May require a bachelor&#39;s degree or its equivalent. Typically reports to a manager. Being a Database Administrator - Entry works on projects/matters of limited complexity in a support role. Work is closely managed. Working as a Database Administrator - Entry typically requires 0-2 years of related experience.",59697,67800,76700,88900,100007
Entry Business Systems Analyst,"Los Angeles, CA","The Entry Business Systems Analyst documents system requirements, defines scope and objectives, and assists in the creation of system specifications that drive system development and implementation. Reviews, analyzes, and evaluates user needs to create systems solutions that support overall business strategies. Being an Entry Business Systems Analyst typically requires a bachelor&#39;s degree or its equivalent. Incumbents function as a liaison between IT and users and have both business and technical expertise. In addition, Entry Business Systems Analyst typically reports to a manager. Being an Entry Business Systems Analyst works on projects/matters of limited complexity in a support role. Work is closely managed. Working as an Entry Business Systems Analyst typically requires 0-2 years of related experience.",56131,63060,70670,79040,86660
Entry Data Analyst,"Bridgeport, CT","The Entry Data Analyst researches best practices and supports developing the solutions and recommendations for the current business operations. Performs routine business analysis using various techniques, e.g. statistical analysis, explanatory and predictive modeling, data mining. Being an Entry Data Analyst may provide business data interpretation. May work with the internal or external client to identify analytical requirements. In addition, Entry Data Analyst may help to produce ad hoc data and reports. May assist in developing or implementing systems to capture business operation information. Requires a bachelor&#39;s degree. Typically reports to a supervisor or manager. Being an Entry Data Analyst works on projects/matters of limited complexity in a support role. Work is closely managed. Working as an Entry Data Analyst typically requires 0-2 years of related experience.",55882,62801,70401,80201,89123
Data Scientist I,"Bridgeport, CT","Data Scientist I identifies business trends and problems through complex big data analysis. Interprets results from multiple sources using a variety of techniques, ranging from simple data aggregation via statistical analysis to complex data mining independently. Being a Data Scientist I designs, develops and implements the most valuable business solutions for the organization. Prepares big data, implements data models and develops database to support the business solutions. Additionally, Data Scientist I may require an advanced degree. Typically reports to a manager. The Data Scientist I work is closely managed. Works on projects/matters of limited complexity in a support role. To be a Data Scientist I typically requires 0-2 years of related experience.",67214,74596,82705,89382,95462
Machine Learning Engineer,"Bridgeport, CT","Machine learning (ML) is the scientific study of algorithms and statistical models that computer systems use to effectively perform a specific task without using explicit instructions, relying on patterns and inference instead. It is seen as a subset of artificial intelligence. Machine learning algorithms build a mathematical model of sample data, known as &quot;training data&quot;, in order to make predictions or decisions without being explicitly programmed to perform the task.:2 Machine learning algorithms are used in a wide variety of applications, such as email filtering, and computer vision, where it is infeasible to develop an algorithm of specific instructions for performing the task. Machine learning is closely related to computational statistics, which focuses on making predictions using computers. The study of mathematical optimization delivers methods, theory and application domains to the field of machine learning. Data mining is a field of study within machine learning, and focuses on exploratory data analysis through unsupervised learning. In its application across business problems, machine learning is also referred to as predictive analytics.",113928,125950,139155,154456,168387
Business Intelligence (BI) Developer,"Bridgeport, CT","Business Intelligence Specialist III creates reports, visualizations, dashboards, and metrics that provide business insight and aid business decision-making. Uses querying languages like SQL, scripting languages like R or Python, and other tools like Tableau or Excel to produce reports and perform meaningful quantitative or qualitative analyses addressing impactful business issues or questions. Being a Business Intelligence Specialist III combines these reports with subject-matter expertise to deliver coherent, insightful takeaways and advice. Collaborates with project stakeholders to better understand valuable objectives and KPIs and to design relevant reports and dashboards. Additionally, Business Intelligence Specialist III requires a bachelor&#39;s degree. Typically reports to a supervisor or manager. The Business Intelligence Specialist III work is generally independent and collaborative in nature. Contributes to moderately complex aspects of a project. To be a Business Intelligence Specialist III typically requires 4-7 years of related experience.",79708,91089,103590,117067,129338
Entry Level Python Developer,"Bridgeport, CT","Web Applications Developer I designs, develops, and maintains internal and external websites for an organization. Uses knowledge of common web development languages (e.g., HTML, Java, PHP, JSP, ASP.NET, Python, AJAX) to build and expand site functionality. Being a Web Applications Developer I creates and enhances the overall website appearance using graphic/multi-media design software and designs site navigation that is clear and easy to understand. Ensures sites remain scalable while complying with performance and security standards. Additionally, Web Applications Developer I updates site content based on input from marketing and documents changes in source code. Typically requires a bachelor&#39;s degree in a related area. Typically reports to a manager. The Web Applications Developer I work is closely managed. Works on projects/matters of limited complexity in a support role. To be a Web Applications Developer I typically requires 0-2 years of related experience.",81210,91002,101758,116078,129116
UX Design Intern,"Bridgeport, CT","UI/Usability Designer II applies user-centered design principles to improve the workflow, expand the functionality, and enhance the visual appeal of websites and mobile apps. Gathers requirements from users and stakeholders, defines information architecture, creates sample user personas, and documents user workflow. Being an UI/Usability Designer II designs wireframes, mockups, and prototypes. Applies the results from user research and usability testing to create new features and improve current features. Additionally, UI/Usability Designer II requires knowledge of HTML, JavaScript, Lineto and FLASH. May perform user research, usability testing, or facilitate focus groups. May require familiarity with various graphic design software packages. Typically requires a bachelor&#39;s degree in area of specialty. Typically reports to a supervisor or manager. The UI/Usability Designer II occasionally directed in several aspects of the work. Gaining exposure to some of the complex tasks within the job function. To be an UI/Usability Designer II typically requires 2-4 years of related experience.",65985,76327,87685,96354,104246
Data Architect I,"Bridgeport, CT","Data Architect I designs and builds relational databases for data storage or processing. Develops strategies for warehouse implementation, data acquisition and access, and data archiving and recovery. Being a Data Architect I builds data models and defines the structure, attributes and nomenclature of data elements. May evaluate new data sources for adherence to the organization&#39;s quality standards and ease of integration. Additionally, Data Architect I typically requires a bachelor&#39;s degree. Typically reports to a supervisor or manager. The Data Architect I works on projects/matters of limited complexity in a support role. Work is closely managed. To be a Data Architect I typically requires 0-2 years of related experience.",53247,72411,93460,114581,133810
Big Data Architect,"Bridgeport, CT","A data architect is a practitioner of data architecture, an information technology discipline concerned with designing, creating, deploying and managing an organization&#39;s data architecture. Data architects define how the data will be stored, consumed, integrated and managed by different data entities and IT systems, as well as any applications using or processing that data in some way.  It is closely allied with business architecture and is considered to be one of the four domains of enterprise architecture.",134427,151219,169664,197391,222636
Database Administrator - Entry,"Bridgeport, CT","The Database Administrator - Entry implements and monitors database access and configurations. Administers and maintains the company database and data warehouses. Being a Database Administrator - Entry performs database recovery and back-up. Resolves database performance and capacity issues. In addition, Database Administrator - Entry may involve in capacity planning, and some development work. May require a bachelor&#39;s degree or its equivalent. Typically reports to a manager. Being a Database Administrator - Entry works on projects/matters of limited complexity in a support role. Work is closely managed. Working as a Database Administrator - Entry typically requires 0-2 years of related experience.",59906,68100,77100,89300,100407
Entry Business Systems Analyst,"Bridgeport, CT","The Entry Business Systems Analyst documents system requirements, defines scope and objectives, and assists in the creation of system specifications that drive system development and implementation. Reviews, analyzes, and evaluates user needs to create systems solutions that support overall business strategies. Being an Entry Business Systems Analyst typically requires a bachelor&#39;s degree or its equivalent. Incumbents function as a liaison between IT and users and have both business and technical expertise. In addition, Entry Business Systems Analyst typically reports to a manager. Being an Entry Business Systems Analyst works on projects/matters of limited complexity in a support role. Work is closely managed. Working as an Entry Business Systems Analyst typically requires 0-2 years of related experience.",56384,63340,70980,79390,87047
